/home/nav/amr-mini-project/data/genomes/GCF_014840245.1_ASM1484024v1_genomic.fna	OqxA_1	ColKP3_1
/home/nav/amr-mini-project/data/genomes/GCF_014840245.1_ASM1484024v1_genomic.fna	OqxA_1	IncFIB(K)_1_Kpn3
/home/nav/amr-mini-project/data/genomes/GCF_014840245.1_ASM1484024v1_genomic.fna	OqxA_1	IncFIB(Mar)_1_pNDM-Mar
/home/nav/amr-mini-project/data/genomes/GCF_014840245.1_ASM1484024v1_genomic.fna	OqxA_1	IncFII(pAR0022)_1
/home/nav/amr-mini-project/data/genomes/GCF_014840245.1_ASM1484024v1_genomic.fna	OqxA_1	IncFII_1
/home/nav/amr-mini-project/data/genomes/GCF_014840245.1_ASM1484024v1_genomic.fna	OqxA_1	IncFII_1_pKP91
/home/nav/amr-mini-project/data/genomes/GCF_014840245.1_ASM1484024v1_genomic.fna	OqxA_1	IncHI1B_1_pNDM-MAR
/home/nav/amr-mini-project/data/genomes/GCF_014840245.1_ASM1484024v1_genomic.fna	OqxA_1	IncR_1
/home/nav/amr-mini-project/data/genomes/GCF_014840245.1_ASM1484024v1_genomic.fna	OqxB_1	ColKP3_1
/home/nav/amr-mini-project/data/genomes/GCF_014840245.1_ASM1484024v1_genomic.fna	OqxB_1	IncFIB(K)_1_Kpn3
/home/nav/amr-mini-project/data/genomes/GCF_014840245.1_ASM1484024v1_genomic.fna	OqxB_1	IncFIB(Mar)_1_pNDM-Mar
/home/nav/amr-mini-project/data/genomes/GCF_014840245.1_ASM1484024v1_genomic.fna	OqxB_1	IncFII(pAR0022)_1
/home/nav/amr-mini-project/data/genomes/GCF_014840245.1_ASM1484024v1_genomic.fna	OqxB_1	IncFII_1
/home/nav/amr-mini-project/data/genomes/GCF_014840245.1_ASM1484024v1_genomic.fna	OqxB_1	IncFII_1_pKP91
/home/nav/amr-mini-project/data/genomes/GCF_014840245.1_ASM1484024v1_genomic.fna	OqxB_1	IncHI1B_1_pNDM-MAR
/home/nav/amr-mini-project/data/genomes/GCF_014840245.1_ASM1484024v1_genomic.fna	OqxB_1	IncR_1
/home/nav/amr-mini-project/data/genomes/GCF_014840245.1_ASM1484024v1_genomic.fna	aac(6')-Ib_1	ColKP3_1
/home/nav/amr-mini-project/data/genomes/GCF_014840245.1_ASM1484024v1_genomic.fna	aac(6')-Ib_1	IncFIB(K)_1_Kpn3
/home/nav/amr-mini-project/data/genomes/GCF_014840245.1_ASM1484024v1_genomic.fna	aac(6')-Ib_1	IncFIB(Mar)_1_pNDM-Mar
/home/nav/amr-mini-project/data/genomes/GCF_014840245.1_ASM1484024v1_genomic.fna	aac(6')-Ib_1	IncFII(pAR0022)_1
/home/nav/amr-mini-project/data/genomes/GCF_014840245.1_ASM1484024v1_genomic.fna	aac(6')-Ib_1	IncFII_1
/home/nav/amr-mini-project/data/genomes/GCF_014840245.1_ASM1484024v1_genomic.fna	aac(6')-Ib_1	IncFII_1_pKP91
/home/nav/amr-mini-project/data/genomes/GCF_014840245.1_ASM1484024v1_genomic.fna	aac(6')-Ib_1	IncHI1B_1_pNDM-MAR
/home/nav/amr-mini-project/data/genomes/GCF_014840245.1_ASM1484024v1_genomic.fna	aac(6')-Ib_1	IncR_1
/home/nav/amr-mini-project/data/genomes/GCF_014840245.1_ASM1484024v1_genomic.fna	aadA2_1	ColKP3_1
/home/nav/amr-mini-project/data/genomes/GCF_014840245.1_ASM1484024v1_genomic.fna	aadA2_1	IncFIB(K)_1_Kpn3
/home/nav/amr-mini-project/data/genomes/GCF_014840245.1_ASM1484024v1_genomic.fna	aadA2_1	IncFIB(Mar)_1_pNDM-Mar
/home/nav/amr-mini-project/data/genomes/GCF_014840245.1_ASM1484024v1_genomic.fna	aadA2_1	IncFII(pAR0022)_1
/home/nav/amr-mini-project/data/genomes/GCF_014840245.1_ASM1484024v1_genomic.fna	aadA2_1	IncFII_1
/home/nav/amr-mini-project/data/genomes/GCF_014840245.1_ASM1484024v1_genomic.fna	aadA2_1	IncFII_1_pKP91
/home/nav/amr-mini-project/data/genomes/GCF_014840245.1_ASM1484024v1_genomic.fna	aadA2_1	IncHI1B_1_pNDM-MAR
/home/nav/amr-mini-project/data/genomes/GCF_014840245.1_ASM1484024v1_genomic.fna	aadA2_1	IncR_1
/home/nav/amr-mini-project/data/genomes/GCF_014840245.1_ASM1484024v1_genomic.fna	ant(3'')-Ia_1	ColKP3_1
/home/nav/amr-mini-project/data/genomes/GCF_014840245.1_ASM1484024v1_genomic.fna	ant(3'')-Ia_1	IncFIB(K)_1_Kpn3
/home/nav/amr-mini-project/data/genomes/GCF_014840245.1_ASM1484024v1_genomic.fna	ant(3'')-Ia_1	IncFIB(Mar)_1_pNDM-Mar
/home/nav/amr-mini-project/data/genomes/GCF_014840245.1_ASM1484024v1_genomic.fna	ant(3'')-Ia_1	IncFII(pAR0022)_1
/home/nav/amr-mini-project/data/genomes/GCF_014840245.1_ASM1484024v1_genomic.fna	ant(3'')-Ia_1	IncFII_1
/home/nav/amr-mini-project/data/genomes/GCF_014840245.1_ASM1484024v1_genomic.fna	ant(3'')-Ia_1	IncFII_1_pKP91
/home/nav/amr-mini-project/data/genomes/GCF_014840245.1_ASM1484024v1_genomic.fna	ant(3'')-Ia_1	IncHI1B_1_pNDM-MAR
/home/nav/amr-mini-project/data/genomes/GCF_014840245.1_ASM1484024v1_genomic.fna	ant(3'')-Ia_1	IncR_1
/home/nav/amr-mini-project/data/genomes/GCF_014840245.1_ASM1484024v1_genomic.fna	aph(3'')-Ib_5	ColKP3_1
/home/nav/amr-mini-project/data/genomes/GCF_014840245.1_ASM1484024v1_genomic.fna	aph(3'')-Ib_5	IncFIB(K)_1_Kpn3
/home/nav/amr-mini-project/data/genomes/GCF_014840245.1_ASM1484024v1_genomic.fna	aph(3'')-Ib_5	IncFIB(Mar)_1_pNDM-Mar
/home/nav/amr-mini-project/data/genomes/GCF_014840245.1_ASM1484024v1_genomic.fna	aph(3'')-Ib_5	IncFII(pAR0022)_1
/home/nav/amr-mini-project/data/genomes/GCF_014840245.1_ASM1484024v1_genomic.fna	aph(3'')-Ib_5	IncFII_1
/home/nav/amr-mini-project/data/genomes/GCF_014840245.1_ASM1484024v1_genomic.fna	aph(3'')-Ib_5	IncFII_1_pKP91
/home/nav/amr-mini-project/data/genomes/GCF_014840245.1_ASM1484024v1_genomic.fna	aph(3'')-Ib_5	IncHI1B_1_pNDM-MAR
/home/nav/amr-mini-project/data/genomes/GCF_014840245.1_ASM1484024v1_genomic.fna	aph(3'')-Ib_5	IncR_1
/home/nav/amr-mini-project/data/genomes/GCF_014840245.1_ASM1484024v1_genomic.fna	aph(3')-VI_1	ColKP3_1
/home/nav/amr-mini-project/data/genomes/GCF_014840245.1_ASM1484024v1_genomic.fna	aph(3')-VI_1	IncFIB(K)_1_Kpn3
/home/nav/amr-mini-project/data/genomes/GCF_014840245.1_ASM1484024v1_genomic.fna	aph(3')-VI_1	IncFIB(Mar)_1_pNDM-Mar
/home/nav/amr-mini-project/data/genomes/GCF_014840245.1_ASM1484024v1_genomic.fna	aph(3')-VI_1	IncFII(pAR0022)_1
/home/nav/amr-mini-project/data/genomes/GCF_014840245.1_ASM1484024v1_genomic.fna	aph(3')-VI_1	IncFII_1
/home/nav/amr-mini-project/data/genomes/GCF_014840245.1_ASM1484024v1_genomic.fna	aph(3')-VI_1	IncFII_1_pKP91
/home/nav/amr-mini-project/data/genomes/GCF_014840245.1_ASM1484024v1_genomic.fna	aph(3')-VI_1	IncHI1B_1_pNDM-MAR
/home/nav/amr-mini-project/data/genomes/GCF_014840245.1_ASM1484024v1_genomic.fna	aph(3')-VI_1	IncR_1
/home/nav/amr-mini-project/data/genomes/GCF_014840245.1_ASM1484024v1_genomic.fna	aph(6)-Id_1	ColKP3_1
/home/nav/amr-mini-project/data/genomes/GCF_014840245.1_ASM1484024v1_genomic.fna	aph(6)-Id_1	IncFIB(K)_1_Kpn3
/home/nav/amr-mini-project/data/genomes/GCF_014840245.1_ASM1484024v1_genomic.fna	aph(6)-Id_1	IncFIB(Mar)_1_pNDM-Mar
/home/nav/amr-mini-project/data/genomes/GCF_014840245.1_ASM1484024v1_genomic.fna	aph(6)-Id_1	IncFII(pAR0022)_1
/home/nav/amr-mini-project/data/genomes/GCF_014840245.1_ASM1484024v1_genomic.fna	aph(6)-Id_1	IncFII_1
/home/nav/amr-mini-project/data/genomes/GCF_014840245.1_ASM1484024v1_genomic.fna	aph(6)-Id_1	IncFII_1_pKP91
/home/nav/amr-mini-project/data/genomes/GCF_014840245.1_ASM1484024v1_genomic.fna	aph(6)-Id_1	IncHI1B_1_pNDM-MAR
/home/nav/amr-mini-project/data/genomes/GCF_014840245.1_ASM1484024v1_genomic.fna	aph(6)-Id_1	IncR_1
/home/nav/amr-mini-project/data/genomes/GCF_014840245.1_ASM1484024v1_genomic.fna	armA_1	ColKP3_1
/home/nav/amr-mini-project/data/genomes/GCF_014840245.1_ASM1484024v1_genomic.fna	armA_1	IncFIB(K)_1_Kpn3
/home/nav/amr-mini-project/data/genomes/GCF_014840245.1_ASM1484024v1_genomic.fna	armA_1	IncFIB(Mar)_1_pNDM-Mar
/home/nav/amr-mini-project/data/genomes/GCF_014840245.1_ASM1484024v1_genomic.fna	armA_1	IncFII(pAR0022)_1
/home/nav/amr-mini-project/data/genomes/GCF_014840245.1_ASM1484024v1_genomic.fna	armA_1	IncFII_1
/home/nav/amr-mini-project/data/genomes/GCF_014840245.1_ASM1484024v1_genomic.fna	armA_1	IncFII_1_pKP91
/home/nav/amr-mini-project/data/genomes/GCF_014840245.1_ASM1484024v1_genomic.fna	armA_1	IncHI1B_1_pNDM-MAR
/home/nav/amr-mini-project/data/genomes/GCF_014840245.1_ASM1484024v1_genomic.fna	armA_1	IncR_1
/home/nav/amr-mini-project/data/genomes/GCF_014840245.1_ASM1484024v1_genomic.fna	blaCTX-M-15_1	ColKP3_1
/home/nav/amr-mini-project/data/genomes/GCF_014840245.1_ASM1484024v1_genomic.fna	blaCTX-M-15_1	IncFIB(K)_1_Kpn3
/home/nav/amr-mini-project/data/genomes/GCF_014840245.1_ASM1484024v1_genomic.fna	blaCTX-M-15_1	IncFIB(Mar)_1_pNDM-Mar
/home/nav/amr-mini-project/data/genomes/GCF_014840245.1_ASM1484024v1_genomic.fna	blaCTX-M-15_1	IncFII(pAR0022)_1
/home/nav/amr-mini-project/data/genomes/GCF_014840245.1_ASM1484024v1_genomic.fna	blaCTX-M-15_1	IncFII_1
/home/nav/amr-mini-project/data/genomes/GCF_014840245.1_ASM1484024v1_genomic.fna	blaCTX-M-15_1	IncFII_1_pKP91
/home/nav/amr-mini-project/data/genomes/GCF_014840245.1_ASM1484024v1_genomic.fna	blaCTX-M-15_1	IncHI1B_1_pNDM-MAR
/home/nav/amr-mini-project/data/genomes/GCF_014840245.1_ASM1484024v1_genomic.fna	blaCTX-M-15_1	IncR_1
/home/nav/amr-mini-project/data/genomes/GCF_014840245.1_ASM1484024v1_genomic.fna	blaNDM-1_1	ColKP3_1
/home/nav/amr-mini-project/data/genomes/GCF_014840245.1_ASM1484024v1_genomic.fna	blaNDM-1_1	IncFIB(K)_1_Kpn3
/home/nav/amr-mini-project/data/genomes/GCF_014840245.1_ASM1484024v1_genomic.fna	blaNDM-1_1	IncFIB(Mar)_1_pNDM-Mar
/home/nav/amr-mini-project/data/genomes/GCF_014840245.1_ASM1484024v1_genomic.fna	blaNDM-1_1	IncFII(pAR0022)_1
/home/nav/amr-mini-project/data/genomes/GCF_014840245.1_ASM1484024v1_genomic.fna	blaNDM-1_1	IncFII_1
/home/nav/amr-mini-project/data/genomes/GCF_014840245.1_ASM1484024v1_genomic.fna	blaNDM-1_1	IncFII_1_pKP91
/home/nav/amr-mini-project/data/genomes/GCF_014840245.1_ASM1484024v1_genomic.fna	blaNDM-1_1	IncHI1B_1_pNDM-MAR
/home/nav/amr-mini-project/data/genomes/GCF_014840245.1_ASM1484024v1_genomic.fna	blaNDM-1_1	IncR_1
/home/nav/amr-mini-project/data/genomes/GCF_014840245.1_ASM1484024v1_genomic.fna	blaOXA-1_1	ColKP3_1
/home/nav/amr-mini-project/data/genomes/GCF_014840245.1_ASM1484024v1_genomic.fna	blaOXA-1_1	IncFIB(K)_1_Kpn3
/home/nav/amr-mini-project/data/genomes/GCF_014840245.1_ASM1484024v1_genomic.fna	blaOXA-1_1	IncFIB(Mar)_1_pNDM-Mar
/home/nav/amr-mini-project/data/genomes/GCF_014840245.1_ASM1484024v1_genomic.fna	blaOXA-1_1	IncFII(pAR0022)_1
/home/nav/amr-mini-project/data/genomes/GCF_014840245.1_ASM1484024v1_genomic.fna	blaOXA-1_1	IncFII_1
/home/nav/amr-mini-project/data/genomes/GCF_014840245.1_ASM1484024v1_genomic.fna	blaOXA-1_1	IncFII_1_pKP91
/home/nav/amr-mini-project/data/genomes/GCF_014840245.1_ASM1484024v1_genomic.fna	blaOXA-1_1	IncHI1B_1_pNDM-MAR
/home/nav/amr-mini-project/data/genomes/GCF_014840245.1_ASM1484024v1_genomic.fna	blaOXA-1_1	IncR_1
/home/nav/amr-mini-project/data/genomes/GCF_014840245.1_ASM1484024v1_genomic.fna	blaOXA-232_1	ColKP3_1
/home/nav/amr-mini-project/data/genomes/GCF_014840245.1_ASM1484024v1_genomic.fna	blaOXA-232_1	IncFIB(K)_1_Kpn3
/home/nav/amr-mini-project/data/genomes/GCF_014840245.1_ASM1484024v1_genomic.fna	blaOXA-232_1	IncFIB(Mar)_1_pNDM-Mar
/home/nav/amr-mini-project/data/genomes/GCF_014840245.1_ASM1484024v1_genomic.fna	blaOXA-232_1	IncFII(pAR0022)_1
/home/nav/amr-mini-project/data/genomes/GCF_014840245.1_ASM1484024v1_genomic.fna	blaOXA-232_1	IncFII_1
/home/nav/amr-mini-project/data/genomes/GCF_014840245.1_ASM1484024v1_genomic.fna	blaOXA-232_1	IncFII_1_pKP91
/home/nav/amr-mini-project/data/genomes/GCF_014840245.1_ASM1484024v1_genomic.fna	blaOXA-232_1	IncHI1B_1_pNDM-MAR
/home/nav/amr-mini-project/data/genomes/GCF_014840245.1_ASM1484024v1_genomic.fna	blaOXA-232_1	IncR_1
/home/nav/amr-mini-project/data/genomes/GCF_014840245.1_ASM1484024v1_genomic.fna	blaOXA-9_1	ColKP3_1
/home/nav/amr-mini-project/data/genomes/GCF_014840245.1_ASM1484024v1_genomic.fna	blaOXA-9_1	IncFIB(K)_1_Kpn3
/home/nav/amr-mini-project/data/genomes/GCF_014840245.1_ASM1484024v1_genomic.fna	blaOXA-9_1	IncFIB(Mar)_1_pNDM-Mar
/home/nav/amr-mini-project/data/genomes/GCF_014840245.1_ASM1484024v1_genomic.fna	blaOXA-9_1	IncFII(pAR0022)_1
/home/nav/amr-mini-project/data/genomes/GCF_014840245.1_ASM1484024v1_genomic.fna	blaOXA-9_1	IncFII_1
/home/nav/amr-mini-project/data/genomes/GCF_014840245.1_ASM1484024v1_genomic.fna	blaOXA-9_1	IncFII_1_pKP91
/home/nav/amr-mini-project/data/genomes/GCF_014840245.1_ASM1484024v1_genomic.fna	blaOXA-9_1	IncHI1B_1_pNDM-MAR
/home/nav/amr-mini-project/data/genomes/GCF_014840245.1_ASM1484024v1_genomic.fna	blaOXA-9_1	IncR_1
/home/nav/amr-mini-project/data/genomes/GCF_014840245.1_ASM1484024v1_genomic.fna	blaSHV-106_1	ColKP3_1
/home/nav/amr-mini-project/data/genomes/GCF_014840245.1_ASM1484024v1_genomic.fna	blaSHV-106_1	IncFIB(K)_1_Kpn3
/home/nav/amr-mini-project/data/genomes/GCF_014840245.1_ASM1484024v1_genomic.fna	blaSHV-106_1	IncFIB(Mar)_1_pNDM-Mar
/home/nav/amr-mini-project/data/genomes/GCF_014840245.1_ASM1484024v1_genomic.fna	blaSHV-106_1	IncFII(pAR0022)_1
/home/nav/amr-mini-project/data/genomes/GCF_014840245.1_ASM1484024v1_genomic.fna	blaSHV-106_1	IncFII_1
/home/nav/amr-mini-project/data/genomes/GCF_014840245.1_ASM1484024v1_genomic.fna	blaSHV-106_1	IncFII_1_pKP91
/home/nav/amr-mini-project/data/genomes/GCF_014840245.1_ASM1484024v1_genomic.fna	blaSHV-106_1	IncHI1B_1_pNDM-MAR
/home/nav/amr-mini-project/data/genomes/GCF_014840245.1_ASM1484024v1_genomic.fna	blaSHV-106_1	IncR_1
/home/nav/amr-mini-project/data/genomes/GCF_014840245.1_ASM1484024v1_genomic.fna	blaTEM-1A_1	ColKP3_1
/home/nav/amr-mini-project/data/genomes/GCF_014840245.1_ASM1484024v1_genomic.fna	blaTEM-1A_1	IncFIB(K)_1_Kpn3
/home/nav/amr-mini-project/data/genomes/GCF_014840245.1_ASM1484024v1_genomic.fna	blaTEM-1A_1	IncFIB(Mar)_1_pNDM-Mar
/home/nav/amr-mini-project/data/genomes/GCF_014840245.1_ASM1484024v1_genomic.fna	blaTEM-1A_1	IncFII(pAR0022)_1
/home/nav/amr-mini-project/data/genomes/GCF_014840245.1_ASM1484024v1_genomic.fna	blaTEM-1A_1	IncFII_1
/home/nav/amr-mini-project/data/genomes/GCF_014840245.1_ASM1484024v1_genomic.fna	blaTEM-1A_1	IncFII_1_pKP91
/home/nav/amr-mini-project/data/genomes/GCF_014840245.1_ASM1484024v1_genomic.fna	blaTEM-1A_1	IncHI1B_1_pNDM-MAR
/home/nav/amr-mini-project/data/genomes/GCF_014840245.1_ASM1484024v1_genomic.fna	blaTEM-1A_1	IncR_1
/home/nav/amr-mini-project/data/genomes/GCF_014840245.1_ASM1484024v1_genomic.fna	catA1_1	ColKP3_1
/home/nav/amr-mini-project/data/genomes/GCF_014840245.1_ASM1484024v1_genomic.fna	catA1_1	IncFIB(K)_1_Kpn3
/home/nav/amr-mini-project/data/genomes/GCF_014840245.1_ASM1484024v1_genomic.fna	catA1_1	IncFIB(Mar)_1_pNDM-Mar
/home/nav/amr-mini-project/data/genomes/GCF_014840245.1_ASM1484024v1_genomic.fna	catA1_1	IncFII(pAR0022)_1
/home/nav/amr-mini-project/data/genomes/GCF_014840245.1_ASM1484024v1_genomic.fna	catA1_1	IncFII_1
/home/nav/amr-mini-project/data/genomes/GCF_014840245.1_ASM1484024v1_genomic.fna	catA1_1	IncFII_1_pKP91
/home/nav/amr-mini-project/data/genomes/GCF_014840245.1_ASM1484024v1_genomic.fna	catA1_1	IncHI1B_1_pNDM-MAR
/home/nav/amr-mini-project/data/genomes/GCF_014840245.1_ASM1484024v1_genomic.fna	catA1_1	IncR_1
/home/nav/amr-mini-project/data/genomes/GCF_014840245.1_ASM1484024v1_genomic.fna	dfrA12_8	ColKP3_1
/home/nav/amr-mini-project/data/genomes/GCF_014840245.1_ASM1484024v1_genomic.fna	dfrA12_8	IncFIB(K)_1_Kpn3
/home/nav/amr-mini-project/data/genomes/GCF_014840245.1_ASM1484024v1_genomic.fna	dfrA12_8	IncFIB(Mar)_1_pNDM-Mar
/home/nav/amr-mini-project/data/genomes/GCF_014840245.1_ASM1484024v1_genomic.fna	dfrA12_8	IncFII(pAR0022)_1
/home/nav/amr-mini-project/data/genomes/GCF_014840245.1_ASM1484024v1_genomic.fna	dfrA12_8	IncFII_1
/home/nav/amr-mini-project/data/genomes/GCF_014840245.1_ASM1484024v1_genomic.fna	dfrA12_8	IncFII_1_pKP91
/home/nav/amr-mini-project/data/genomes/GCF_014840245.1_ASM1484024v1_genomic.fna	dfrA12_8	IncHI1B_1_pNDM-MAR
/home/nav/amr-mini-project/data/genomes/GCF_014840245.1_ASM1484024v1_genomic.fna	dfrA12_8	IncR_1
/home/nav/amr-mini-project/data/genomes/GCF_014840245.1_ASM1484024v1_genomic.fna	dfrA14_5	ColKP3_1
/home/nav/amr-mini-project/data/genomes/GCF_014840245.1_ASM1484024v1_genomic.fna	dfrA14_5	IncFIB(K)_1_Kpn3
/home/nav/amr-mini-project/data/genomes/GCF_014840245.1_ASM1484024v1_genomic.fna	dfrA14_5	IncFIB(Mar)_1_pNDM-Mar
/home/nav/amr-mini-project/data/genomes/GCF_014840245.1_ASM1484024v1_genomic.fna	dfrA14_5	IncFII(pAR0022)_1
/home/nav/amr-mini-project/data/genomes/GCF_014840245.1_ASM1484024v1_genomic.fna	dfrA14_5	IncFII_1
/home/nav/amr-mini-project/data/genomes/GCF_014840245.1_ASM1484024v1_genomic.fna	dfrA14_5	IncFII_1_pKP91
/home/nav/amr-mini-project/data/genomes/GCF_014840245.1_ASM1484024v1_genomic.fna	dfrA14_5	IncHI1B_1_pNDM-MAR
/home/nav/amr-mini-project/data/genomes/GCF_014840245.1_ASM1484024v1_genomic.fna	dfrA14_5	IncR_1
/home/nav/amr-mini-project/data/genomes/GCF_014840245.1_ASM1484024v1_genomic.fna	dfrA1_8	ColKP3_1
/home/nav/amr-mini-project/data/genomes/GCF_014840245.1_ASM1484024v1_genomic.fna	dfrA1_8	IncFIB(K)_1_Kpn3
/home/nav/amr-mini-project/data/genomes/GCF_014840245.1_ASM1484024v1_genomic.fna	dfrA1_8	IncFIB(Mar)_1_pNDM-Mar
/home/nav/amr-mini-project/data/genomes/GCF_014840245.1_ASM1484024v1_genomic.fna	dfrA1_8	IncFII(pAR0022)_1
/home/nav/amr-mini-project/data/genomes/GCF_014840245.1_ASM1484024v1_genomic.fna	dfrA1_8	IncFII_1
/home/nav/amr-mini-project/data/genomes/GCF_014840245.1_ASM1484024v1_genomic.fna	dfrA1_8	IncFII_1_pKP91
/home/nav/amr-mini-project/data/genomes/GCF_014840245.1_ASM1484024v1_genomic.fna	dfrA1_8	IncHI1B_1_pNDM-MAR
/home/nav/amr-mini-project/data/genomes/GCF_014840245.1_ASM1484024v1_genomic.fna	dfrA1_8	IncR_1
/home/nav/amr-mini-project/data/genomes/GCF_014840245.1_ASM1484024v1_genomic.fna	fosA6_1	ColKP3_1
/home/nav/amr-mini-project/data/genomes/GCF_014840245.1_ASM1484024v1_genomic.fna	fosA6_1	IncFIB(K)_1_Kpn3
/home/nav/amr-mini-project/data/genomes/GCF_014840245.1_ASM1484024v1_genomic.fna	fosA6_1	IncFIB(Mar)_1_pNDM-Mar
/home/nav/amr-mini-project/data/genomes/GCF_014840245.1_ASM1484024v1_genomic.fna	fosA6_1	IncFII(pAR0022)_1
/home/nav/amr-mini-project/data/genomes/GCF_014840245.1_ASM1484024v1_genomic.fna	fosA6_1	IncFII_1
/home/nav/amr-mini-project/data/genomes/GCF_014840245.1_ASM1484024v1_genomic.fna	fosA6_1	IncFII_1_pKP91
/home/nav/amr-mini-project/data/genomes/GCF_014840245.1_ASM1484024v1_genomic.fna	fosA6_1	IncHI1B_1_pNDM-MAR
/home/nav/amr-mini-project/data/genomes/GCF_014840245.1_ASM1484024v1_genomic.fna	fosA6_1	IncR_1
/home/nav/amr-mini-project/data/genomes/GCF_014840245.1_ASM1484024v1_genomic.fna	mph(E)_1	ColKP3_1
/home/nav/amr-mini-project/data/genomes/GCF_014840245.1_ASM1484024v1_genomic.fna	mph(E)_1	IncFIB(K)_1_Kpn3
/home/nav/amr-mini-project/data/genomes/GCF_014840245.1_ASM1484024v1_genomic.fna	mph(E)_1	IncFIB(Mar)_1_pNDM-Mar
/home/nav/amr-mini-project/data/genomes/GCF_014840245.1_ASM1484024v1_genomic.fna	mph(E)_1	IncFII(pAR0022)_1
/home/nav/amr-mini-project/data/genomes/GCF_014840245.1_ASM1484024v1_genomic.fna	mph(E)_1	IncFII_1
/home/nav/amr-mini-project/data/genomes/GCF_014840245.1_ASM1484024v1_genomic.fna	mph(E)_1	IncFII_1_pKP91
/home/nav/amr-mini-project/data/genomes/GCF_014840245.1_ASM1484024v1_genomic.fna	mph(E)_1	IncHI1B_1_pNDM-MAR
/home/nav/amr-mini-project/data/genomes/GCF_014840245.1_ASM1484024v1_genomic.fna	mph(E)_1	IncR_1
/home/nav/amr-mini-project/data/genomes/GCF_014840245.1_ASM1484024v1_genomic.fna	msr(E)_1	ColKP3_1
/home/nav/amr-mini-project/data/genomes/GCF_014840245.1_ASM1484024v1_genomic.fna	msr(E)_1	IncFIB(K)_1_Kpn3
/home/nav/amr-mini-project/data/genomes/GCF_014840245.1_ASM1484024v1_genomic.fna	msr(E)_1	IncFIB(Mar)_1_pNDM-Mar
/home/nav/amr-mini-project/data/genomes/GCF_014840245.1_ASM1484024v1_genomic.fna	msr(E)_1	IncFII(pAR0022)_1
/home/nav/amr-mini-project/data/genomes/GCF_014840245.1_ASM1484024v1_genomic.fna	msr(E)_1	IncFII_1
/home/nav/amr-mini-project/data/genomes/GCF_014840245.1_ASM1484024v1_genomic.fna	msr(E)_1	IncFII_1_pKP91
/home/nav/amr-mini-project/data/genomes/GCF_014840245.1_ASM1484024v1_genomic.fna	msr(E)_1	IncHI1B_1_pNDM-MAR
/home/nav/amr-mini-project/data/genomes/GCF_014840245.1_ASM1484024v1_genomic.fna	msr(E)_1	IncR_1
/home/nav/amr-mini-project/data/genomes/GCF_014840245.1_ASM1484024v1_genomic.fna	qnrB1_1	ColKP3_1
/home/nav/amr-mini-project/data/genomes/GCF_014840245.1_ASM1484024v1_genomic.fna	qnrB1_1	IncFIB(K)_1_Kpn3
/home/nav/amr-mini-project/data/genomes/GCF_014840245.1_ASM1484024v1_genomic.fna	qnrB1_1	IncFIB(Mar)_1_pNDM-Mar
/home/nav/amr-mini-project/data/genomes/GCF_014840245.1_ASM1484024v1_genomic.fna	qnrB1_1	IncFII(pAR0022)_1
/home/nav/amr-mini-project/data/genomes/GCF_014840245.1_ASM1484024v1_genomic.fna	qnrB1_1	IncFII_1
/home/nav/amr-mini-project/data/genomes/GCF_014840245.1_ASM1484024v1_genomic.fna	qnrB1_1	IncFII_1_pKP91
/home/nav/amr-mini-project/data/genomes/GCF_014840245.1_ASM1484024v1_genomic.fna	qnrB1_1	IncHI1B_1_pNDM-MAR
/home/nav/amr-mini-project/data/genomes/GCF_014840245.1_ASM1484024v1_genomic.fna	qnrB1_1	IncR_1
/home/nav/amr-mini-project/data/genomes/GCF_014840245.1_ASM1484024v1_genomic.fna	sul1_5	ColKP3_1
/home/nav/amr-mini-project/data/genomes/GCF_014840245.1_ASM1484024v1_genomic.fna	sul1_5	IncFIB(K)_1_Kpn3
/home/nav/amr-mini-project/data/genomes/GCF_014840245.1_ASM1484024v1_genomic.fna	sul1_5	IncFIB(Mar)_1_pNDM-Mar
/home/nav/amr-mini-project/data/genomes/GCF_014840245.1_ASM1484024v1_genomic.fna	sul1_5	IncFII(pAR0022)_1
/home/nav/amr-mini-project/data/genomes/GCF_014840245.1_ASM1484024v1_genomic.fna	sul1_5	IncFII_1
/home/nav/amr-mini-project/data/genomes/GCF_014840245.1_ASM1484024v1_genomic.fna	sul1_5	IncFII_1_pKP91
/home/nav/amr-mini-project/data/genomes/GCF_014840245.1_ASM1484024v1_genomic.fna	sul1_5	IncHI1B_1_pNDM-MAR
/home/nav/amr-mini-project/data/genomes/GCF_014840245.1_ASM1484024v1_genomic.fna	sul1_5	IncR_1
/home/nav/amr-mini-project/data/genomes/GCF_014840245.1_ASM1484024v1_genomic.fna	sul2_2	ColKP3_1
/home/nav/amr-mini-project/data/genomes/GCF_014840245.1_ASM1484024v1_genomic.fna	sul2_2	IncFIB(K)_1_Kpn3
/home/nav/amr-mini-project/data/genomes/GCF_014840245.1_ASM1484024v1_genomic.fna	sul2_2	IncFIB(Mar)_1_pNDM-Mar
/home/nav/amr-mini-project/data/genomes/GCF_014840245.1_ASM1484024v1_genomic.fna	sul2_2	IncFII(pAR0022)_1
/home/nav/amr-mini-project/data/genomes/GCF_014840245.1_ASM1484024v1_genomic.fna	sul2_2	IncFII_1
/home/nav/amr-mini-project/data/genomes/GCF_014840245.1_ASM1484024v1_genomic.fna	sul2_2	IncFII_1_pKP91
/home/nav/amr-mini-project/data/genomes/GCF_014840245.1_ASM1484024v1_genomic.fna	sul2_2	IncHI1B_1_pNDM-MAR
/home/nav/amr-mini-project/data/genomes/GCF_014840245.1_ASM1484024v1_genomic.fna	sul2_2	IncR_1
/home/nav/amr-mini-project/data/genomes/GCF_014840645.1_ASM1484064v1_genomic.fna	ARR-3_4	Col(MG828)_1
/home/nav/amr-mini-project/data/genomes/GCF_014840645.1_ASM1484064v1_genomic.fna	ARR-3_4	Col(pHAD28)_1
/home/nav/amr-mini-project/data/genomes/GCF_014840645.1_ASM1484064v1_genomic.fna	ARR-3_4	Col440I_1
/home/nav/amr-mini-project/data/genomes/GCF_014840645.1_ASM1484064v1_genomic.fna	ARR-3_4	ColRNAI_1
/home/nav/amr-mini-project/data/genomes/GCF_014840645.1_ASM1484064v1_genomic.fna	ARR-3_4	IncFIA(HI1)_1_HI1
/home/nav/amr-mini-project/data/genomes/GCF_014840645.1_ASM1484064v1_genomic.fna	ARR-3_4	IncFIB(K)_1_Kpn3
/home/nav/amr-mini-project/data/genomes/GCF_014840645.1_ASM1484064v1_genomic.fna	ARR-3_4	IncFIB(Mar)_1_pNDM-Mar
/home/nav/amr-mini-project/data/genomes/GCF_014840645.1_ASM1484064v1_genomic.fna	ARR-3_4	IncFII(pAR0022)_1
/home/nav/amr-mini-project/data/genomes/GCF_014840645.1_ASM1484064v1_genomic.fna	ARR-3_4	IncFII_1_pKP91
/home/nav/amr-mini-project/data/genomes/GCF_014840645.1_ASM1484064v1_genomic.fna	ARR-3_4	IncHI1B_1_pNDM-MAR
/home/nav/amr-mini-project/data/genomes/GCF_014840645.1_ASM1484064v1_genomic.fna	ARR-3_4	IncL/M(pOXA-48)_1_pOXA-48
/home/nav/amr-mini-project/data/genomes/GCF_014840645.1_ASM1484064v1_genomic.fna	ARR-3_4	IncR_1
/home/nav/amr-mini-project/data/genomes/GCF_014840645.1_ASM1484064v1_genomic.fna	CmlA7_1	Col(MG828)_1
/home/nav/amr-mini-project/data/genomes/GCF_014840645.1_ASM1484064v1_genomic.fna	CmlA7_1	Col(pHAD28)_1
/home/nav/amr-mini-project/data/genomes/GCF_014840645.1_ASM1484064v1_genomic.fna	CmlA7_1	Col440I_1
/home/nav/amr-mini-project/data/genomes/GCF_014840645.1_ASM1484064v1_genomic.fna	CmlA7_1	ColRNAI_1
/home/nav/amr-mini-project/data/genomes/GCF_014840645.1_ASM1484064v1_genomic.fna	CmlA7_1	IncFIA(HI1)_1_HI1
/home/nav/amr-mini-project/data/genomes/GCF_014840645.1_ASM1484064v1_genomic.fna	CmlA7_1	IncFIB(K)_1_Kpn3
/home/nav/amr-mini-project/data/genomes/GCF_014840645.1_ASM1484064v1_genomic.fna	CmlA7_1	IncFIB(Mar)_1_pNDM-Mar
/home/nav/amr-mini-project/data/genomes/GCF_014840645.1_ASM1484064v1_genomic.fna	CmlA7_1	IncFII(pAR0022)_1
/home/nav/amr-mini-project/data/genomes/GCF_014840645.1_ASM1484064v1_genomic.fna	CmlA7_1	IncFII_1_pKP91
/home/nav/amr-mini-project/data/genomes/GCF_014840645.1_ASM1484064v1_genomic.fna	CmlA7_1	IncHI1B_1_pNDM-MAR
/home/nav/amr-mini-project/data/genomes/GCF_014840645.1_ASM1484064v1_genomic.fna	CmlA7_1	IncL/M(pOXA-48)_1_pOXA-48
/home/nav/amr-mini-project/data/genomes/GCF_014840645.1_ASM1484064v1_genomic.fna	CmlA7_1	IncR_1
/home/nav/amr-mini-project/data/genomes/GCF_014840645.1_ASM1484064v1_genomic.fna	OqxA_1	Col(MG828)_1
/home/nav/amr-mini-project/data/genomes/GCF_014840645.1_ASM1484064v1_genomic.fna	OqxA_1	Col(pHAD28)_1
/home/nav/amr-mini-project/data/genomes/GCF_014840645.1_ASM1484064v1_genomic.fna	OqxA_1	Col440I_1
/home/nav/amr-mini-project/data/genomes/GCF_014840645.1_ASM1484064v1_genomic.fna	OqxA_1	ColRNAI_1
/home/nav/amr-mini-project/data/genomes/GCF_014840645.1_ASM1484064v1_genomic.fna	OqxA_1	IncFIA(HI1)_1_HI1
/home/nav/amr-mini-project/data/genomes/GCF_014840645.1_ASM1484064v1_genomic.fna	OqxA_1	IncFIB(K)_1_Kpn3
/home/nav/amr-mini-project/data/genomes/GCF_014840645.1_ASM1484064v1_genomic.fna	OqxA_1	IncFIB(Mar)_1_pNDM-Mar
/home/nav/amr-mini-project/data/genomes/GCF_014840645.1_ASM1484064v1_genomic.fna	OqxA_1	IncFII(pAR0022)_1
/home/nav/amr-mini-project/data/genomes/GCF_014840645.1_ASM1484064v1_genomic.fna	OqxA_1	IncFII_1_pKP91
/home/nav/amr-mini-project/data/genomes/GCF_014840645.1_ASM1484064v1_genomic.fna	OqxA_1	IncHI1B_1_pNDM-MAR
/home/nav/amr-mini-project/data/genomes/GCF_014840645.1_ASM1484064v1_genomic.fna	OqxA_1	IncL/M(pOXA-48)_1_pOXA-48
/home/nav/amr-mini-project/data/genomes/GCF_014840645.1_ASM1484064v1_genomic.fna	OqxA_1	IncR_1
/home/nav/amr-mini-project/data/genomes/GCF_014840645.1_ASM1484064v1_genomic.fna	OqxB_1	Col(MG828)_1
/home/nav/amr-mini-project/data/genomes/GCF_014840645.1_ASM1484064v1_genomic.fna	OqxB_1	Col(pHAD28)_1
/home/nav/amr-mini-project/data/genomes/GCF_014840645.1_ASM1484064v1_genomic.fna	OqxB_1	Col440I_1
/home/nav/amr-mini-project/data/genomes/GCF_014840645.1_ASM1484064v1_genomic.fna	OqxB_1	ColRNAI_1
/home/nav/amr-mini-project/data/genomes/GCF_014840645.1_ASM1484064v1_genomic.fna	OqxB_1	IncFIA(HI1)_1_HI1
/home/nav/amr-mini-project/data/genomes/GCF_014840645.1_ASM1484064v1_genomic.fna	OqxB_1	IncFIB(K)_1_Kpn3
/home/nav/amr-mini-project/data/genomes/GCF_014840645.1_ASM1484064v1_genomic.fna	OqxB_1	IncFIB(Mar)_1_pNDM-Mar
/home/nav/amr-mini-project/data/genomes/GCF_014840645.1_ASM1484064v1_genomic.fna	OqxB_1	IncFII(pAR0022)_1
/home/nav/amr-mini-project/data/genomes/GCF_014840645.1_ASM1484064v1_genomic.fna	OqxB_1	IncFII_1_pKP91
/home/nav/amr-mini-project/data/genomes/GCF_014840645.1_ASM1484064v1_genomic.fna	OqxB_1	IncHI1B_1_pNDM-MAR
/home/nav/amr-mini-project/data/genomes/GCF_014840645.1_ASM1484064v1_genomic.fna	OqxB_1	IncL/M(pOXA-48)_1_pOXA-48
/home/nav/amr-mini-project/data/genomes/GCF_014840645.1_ASM1484064v1_genomic.fna	OqxB_1	IncR_1
/home/nav/amr-mini-project/data/genomes/GCF_014840645.1_ASM1484064v1_genomic.fna	ant(3'')-Ia_1	Col(MG828)_1
/home/nav/amr-mini-project/data/genomes/GCF_014840645.1_ASM1484064v1_genomic.fna	ant(3'')-Ia_1	Col(pHAD28)_1
/home/nav/amr-mini-project/data/genomes/GCF_014840645.1_ASM1484064v1_genomic.fna	ant(3'')-Ia_1	Col440I_1
/home/nav/amr-mini-project/data/genomes/GCF_014840645.1_ASM1484064v1_genomic.fna	ant(3'')-Ia_1	ColRNAI_1
/home/nav/amr-mini-project/data/genomes/GCF_014840645.1_ASM1484064v1_genomic.fna	ant(3'')-Ia_1	IncFIA(HI1)_1_HI1
/home/nav/amr-mini-project/data/genomes/GCF_014840645.1_ASM1484064v1_genomic.fna	ant(3'')-Ia_1	IncFIB(K)_1_Kpn3
/home/nav/amr-mini-project/data/genomes/GCF_014840645.1_ASM1484064v1_genomic.fna	ant(3'')-Ia_1	IncFIB(Mar)_1_pNDM-Mar
/home/nav/amr-mini-project/data/genomes/GCF_014840645.1_ASM1484064v1_genomic.fna	ant(3'')-Ia_1	IncFII(pAR0022)_1
/home/nav/amr-mini-project/data/genomes/GCF_014840645.1_ASM1484064v1_genomic.fna	ant(3'')-Ia_1	IncFII_1_pKP91
/home/nav/amr-mini-project/data/genomes/GCF_014840645.1_ASM1484064v1_genomic.fna	ant(3'')-Ia_1	IncHI1B_1_pNDM-MAR
/home/nav/amr-mini-project/data/genomes/GCF_014840645.1_ASM1484064v1_genomic.fna	ant(3'')-Ia_1	IncL/M(pOXA-48)_1_pOXA-48
/home/nav/amr-mini-project/data/genomes/GCF_014840645.1_ASM1484064v1_genomic.fna	ant(3'')-Ia_1	IncR_1
/home/nav/amr-mini-project/data/genomes/GCF_014840645.1_ASM1484064v1_genomic.fna	aph(3'')-Ib_5	Col(MG828)_1
/home/nav/amr-mini-project/data/genomes/GCF_014840645.1_ASM1484064v1_genomic.fna	aph(3'')-Ib_5	Col(pHAD28)_1
/home/nav/amr-mini-project/data/genomes/GCF_014840645.1_ASM1484064v1_genomic.fna	aph(3'')-Ib_5	Col440I_1
/home/nav/amr-mini-project/data/genomes/GCF_014840645.1_ASM1484064v1_genomic.fna	aph(3'')-Ib_5	ColRNAI_1
/home/nav/amr-mini-project/data/genomes/GCF_014840645.1_ASM1484064v1_genomic.fna	aph(3'')-Ib_5	IncFIA(HI1)_1_HI1
/home/nav/amr-mini-project/data/genomes/GCF_014840645.1_ASM1484064v1_genomic.fna	aph(3'')-Ib_5	IncFIB(K)_1_Kpn3
/home/nav/amr-mini-project/data/genomes/GCF_014840645.1_ASM1484064v1_genomic.fna	aph(3'')-Ib_5	IncFIB(Mar)_1_pNDM-Mar
/home/nav/amr-mini-project/data/genomes/GCF_014840645.1_ASM1484064v1_genomic.fna	aph(3'')-Ib_5	IncFII(pAR0022)_1
/home/nav/amr-mini-project/data/genomes/GCF_014840645.1_ASM1484064v1_genomic.fna	aph(3'')-Ib_5	IncFII_1_pKP91
/home/nav/amr-mini-project/data/genomes/GCF_014840645.1_ASM1484064v1_genomic.fna	aph(3'')-Ib_5	IncHI1B_1_pNDM-MAR
/home/nav/amr-mini-project/data/genomes/GCF_014840645.1_ASM1484064v1_genomic.fna	aph(3'')-Ib_5	IncL/M(pOXA-48)_1_pOXA-48
/home/nav/amr-mini-project/data/genomes/GCF_014840645.1_ASM1484064v1_genomic.fna	aph(3'')-Ib_5	IncR_1
/home/nav/amr-mini-project/data/genomes/GCF_014840645.1_ASM1484064v1_genomic.fna	aph(3')-VI_1	Col(MG828)_1
/home/nav/amr-mini-project/data/genomes/GCF_014840645.1_ASM1484064v1_genomic.fna	aph(3')-VI_1	Col(pHAD28)_1
/home/nav/amr-mini-project/data/genomes/GCF_014840645.1_ASM1484064v1_genomic.fna	aph(3')-VI_1	Col440I_1
/home/nav/amr-mini-project/data/genomes/GCF_014840645.1_ASM1484064v1_genomic.fna	aph(3')-VI_1	ColRNAI_1
/home/nav/amr-mini-project/data/genomes/GCF_014840645.1_ASM1484064v1_genomic.fna	aph(3')-VI_1	IncFIA(HI1)_1_HI1
/home/nav/amr-mini-project/data/genomes/GCF_014840645.1_ASM1484064v1_genomic.fna	aph(3')-VI_1	IncFIB(K)_1_Kpn3
/home/nav/amr-mini-project/data/genomes/GCF_014840645.1_ASM1484064v1_genomic.fna	aph(3')-VI_1	IncFIB(Mar)_1_pNDM-Mar
/home/nav/amr-mini-project/data/genomes/GCF_014840645.1_ASM1484064v1_genomic.fna	aph(3')-VI_1	IncFII(pAR0022)_1
/home/nav/amr-mini-project/data/genomes/GCF_014840645.1_ASM1484064v1_genomic.fna	aph(3')-VI_1	IncFII_1_pKP91
/home/nav/amr-mini-project/data/genomes/GCF_014840645.1_ASM1484064v1_genomic.fna	aph(3')-VI_1	IncHI1B_1_pNDM-MAR
/home/nav/amr-mini-project/data/genomes/GCF_014840645.1_ASM1484064v1_genomic.fna	aph(3')-VI_1	IncL/M(pOXA-48)_1_pOXA-48
/home/nav/amr-mini-project/data/genomes/GCF_014840645.1_ASM1484064v1_genomic.fna	aph(3')-VI_1	IncR_1
/home/nav/amr-mini-project/data/genomes/GCF_014840645.1_ASM1484064v1_genomic.fna	aph(6)-Id_1	Col(MG828)_1
/home/nav/amr-mini-project/data/genomes/GCF_014840645.1_ASM1484064v1_genomic.fna	aph(6)-Id_1	Col(pHAD28)_1
/home/nav/amr-mini-project/data/genomes/GCF_014840645.1_ASM1484064v1_genomic.fna	aph(6)-Id_1	Col440I_1
/home/nav/amr-mini-project/data/genomes/GCF_014840645.1_ASM1484064v1_genomic.fna	aph(6)-Id_1	ColRNAI_1
/home/nav/amr-mini-project/data/genomes/GCF_014840645.1_ASM1484064v1_genomic.fna	aph(6)-Id_1	IncFIA(HI1)_1_HI1
/home/nav/amr-mini-project/data/genomes/GCF_014840645.1_ASM1484064v1_genomic.fna	aph(6)-Id_1	IncFIB(K)_1_Kpn3
/home/nav/amr-mini-project/data/genomes/GCF_014840645.1_ASM1484064v1_genomic.fna	aph(6)-Id_1	IncFIB(Mar)_1_pNDM-Mar
/home/nav/amr-mini-project/data/genomes/GCF_014840645.1_ASM1484064v1_genomic.fna	aph(6)-Id_1	IncFII(pAR0022)_1
/home/nav/amr-mini-project/data/genomes/GCF_014840645.1_ASM1484064v1_genomic.fna	aph(6)-Id_1	IncFII_1_pKP91
/home/nav/amr-mini-project/data/genomes/GCF_014840645.1_ASM1484064v1_genomic.fna	aph(6)-Id_1	IncHI1B_1_pNDM-MAR
/home/nav/amr-mini-project/data/genomes/GCF_014840645.1_ASM1484064v1_genomic.fna	aph(6)-Id_1	IncL/M(pOXA-48)_1_pOXA-48
/home/nav/amr-mini-project/data/genomes/GCF_014840645.1_ASM1484064v1_genomic.fna	aph(6)-Id_1	IncR_1
/home/nav/amr-mini-project/data/genomes/GCF_014840645.1_ASM1484064v1_genomic.fna	armA_1	Col(MG828)_1
/home/nav/amr-mini-project/data/genomes/GCF_014840645.1_ASM1484064v1_genomic.fna	armA_1	Col(pHAD28)_1
/home/nav/amr-mini-project/data/genomes/GCF_014840645.1_ASM1484064v1_genomic.fna	armA_1	Col440I_1
/home/nav/amr-mini-project/data/genomes/GCF_014840645.1_ASM1484064v1_genomic.fna	armA_1	ColRNAI_1
/home/nav/amr-mini-project/data/genomes/GCF_014840645.1_ASM1484064v1_genomic.fna	armA_1	IncFIA(HI1)_1_HI1
/home/nav/amr-mini-project/data/genomes/GCF_014840645.1_ASM1484064v1_genomic.fna	armA_1	IncFIB(K)_1_Kpn3
/home/nav/amr-mini-project/data/genomes/GCF_014840645.1_ASM1484064v1_genomic.fna	armA_1	IncFIB(Mar)_1_pNDM-Mar
/home/nav/amr-mini-project/data/genomes/GCF_014840645.1_ASM1484064v1_genomic.fna	armA_1	IncFII(pAR0022)_1
/home/nav/amr-mini-project/data/genomes/GCF_014840645.1_ASM1484064v1_genomic.fna	armA_1	IncFII_1_pKP91
/home/nav/amr-mini-project/data/genomes/GCF_014840645.1_ASM1484064v1_genomic.fna	armA_1	IncHI1B_1_pNDM-MAR
/home/nav/amr-mini-project/data/genomes/GCF_014840645.1_ASM1484064v1_genomic.fna	armA_1	IncL/M(pOXA-48)_1_pOXA-48
/home/nav/amr-mini-project/data/genomes/GCF_014840645.1_ASM1484064v1_genomic.fna	armA_1	IncR_1
/home/nav/amr-mini-project/data/genomes/GCF_014840645.1_ASM1484064v1_genomic.fna	blaCTX-M-15_1	Col(MG828)_1
/home/nav/amr-mini-project/data/genomes/GCF_014840645.1_ASM1484064v1_genomic.fna	blaCTX-M-15_1	Col(pHAD28)_1
/home/nav/amr-mini-project/data/genomes/GCF_014840645.1_ASM1484064v1_genomic.fna	blaCTX-M-15_1	Col440I_1
/home/nav/amr-mini-project/data/genomes/GCF_014840645.1_ASM1484064v1_genomic.fna	blaCTX-M-15_1	ColRNAI_1
/home/nav/amr-mini-project/data/genomes/GCF_014840645.1_ASM1484064v1_genomic.fna	blaCTX-M-15_1	IncFIA(HI1)_1_HI1
/home/nav/amr-mini-project/data/genomes/GCF_014840645.1_ASM1484064v1_genomic.fna	blaCTX-M-15_1	IncFIB(K)_1_Kpn3
/home/nav/amr-mini-project/data/genomes/GCF_014840645.1_ASM1484064v1_genomic.fna	blaCTX-M-15_1	IncFIB(Mar)_1_pNDM-Mar
/home/nav/amr-mini-project/data/genomes/GCF_014840645.1_ASM1484064v1_genomic.fna	blaCTX-M-15_1	IncFII(pAR0022)_1
/home/nav/amr-mini-project/data/genomes/GCF_014840645.1_ASM1484064v1_genomic.fna	blaCTX-M-15_1	IncFII_1_pKP91
/home/nav/amr-mini-project/data/genomes/GCF_014840645.1_ASM1484064v1_genomic.fna	blaCTX-M-15_1	IncHI1B_1_pNDM-MAR
/home/nav/amr-mini-project/data/genomes/GCF_014840645.1_ASM1484064v1_genomic.fna	blaCTX-M-15_1	IncL/M(pOXA-48)_1_pOXA-48
/home/nav/amr-mini-project/data/genomes/GCF_014840645.1_ASM1484064v1_genomic.fna	blaCTX-M-15_1	IncR_1
/home/nav/amr-mini-project/data/genomes/GCF_014840645.1_ASM1484064v1_genomic.fna	blaNDM-1_1	Col(MG828)_1
/home/nav/amr-mini-project/data/genomes/GCF_014840645.1_ASM1484064v1_genomic.fna	blaNDM-1_1	Col(pHAD28)_1
/home/nav/amr-mini-project/data/genomes/GCF_014840645.1_ASM1484064v1_genomic.fna	blaNDM-1_1	Col440I_1
/home/nav/amr-mini-project/data/genomes/GCF_014840645.1_ASM1484064v1_genomic.fna	blaNDM-1_1	ColRNAI_1
/home/nav/amr-mini-project/data/genomes/GCF_014840645.1_ASM1484064v1_genomic.fna	blaNDM-1_1	IncFIA(HI1)_1_HI1
/home/nav/amr-mini-project/data/genomes/GCF_014840645.1_ASM1484064v1_genomic.fna	blaNDM-1_1	IncFIB(K)_1_Kpn3
/home/nav/amr-mini-project/data/genomes/GCF_014840645.1_ASM1484064v1_genomic.fna	blaNDM-1_1	IncFIB(Mar)_1_pNDM-Mar
/home/nav/amr-mini-project/data/genomes/GCF_014840645.1_ASM1484064v1_genomic.fna	blaNDM-1_1	IncFII(pAR0022)_1
/home/nav/amr-mini-project/data/genomes/GCF_014840645.1_ASM1484064v1_genomic.fna	blaNDM-1_1	IncFII_1_pKP91
/home/nav/amr-mini-project/data/genomes/GCF_014840645.1_ASM1484064v1_genomic.fna	blaNDM-1_1	IncHI1B_1_pNDM-MAR
/home/nav/amr-mini-project/data/genomes/GCF_014840645.1_ASM1484064v1_genomic.fna	blaNDM-1_1	IncL/M(pOXA-48)_1_pOXA-48
/home/nav/amr-mini-project/data/genomes/GCF_014840645.1_ASM1484064v1_genomic.fna	blaNDM-1_1	IncR_1
/home/nav/amr-mini-project/data/genomes/GCF_014840645.1_ASM1484064v1_genomic.fna	blaOXA-10_1	Col(MG828)_1
/home/nav/amr-mini-project/data/genomes/GCF_014840645.1_ASM1484064v1_genomic.fna	blaOXA-10_1	Col(pHAD28)_1
/home/nav/amr-mini-project/data/genomes/GCF_014840645.1_ASM1484064v1_genomic.fna	blaOXA-10_1	Col440I_1
/home/nav/amr-mini-project/data/genomes/GCF_014840645.1_ASM1484064v1_genomic.fna	blaOXA-10_1	ColRNAI_1
/home/nav/amr-mini-project/data/genomes/GCF_014840645.1_ASM1484064v1_genomic.fna	blaOXA-10_1	IncFIA(HI1)_1_HI1
/home/nav/amr-mini-project/data/genomes/GCF_014840645.1_ASM1484064v1_genomic.fna	blaOXA-10_1	IncFIB(K)_1_Kpn3
/home/nav/amr-mini-project/data/genomes/GCF_014840645.1_ASM1484064v1_genomic.fna	blaOXA-10_1	IncFIB(Mar)_1_pNDM-Mar
/home/nav/amr-mini-project/data/genomes/GCF_014840645.1_ASM1484064v1_genomic.fna	blaOXA-10_1	IncFII(pAR0022)_1
/home/nav/amr-mini-project/data/genomes/GCF_014840645.1_ASM1484064v1_genomic.fna	blaOXA-10_1	IncFII_1_pKP91
/home/nav/amr-mini-project/data/genomes/GCF_014840645.1_ASM1484064v1_genomic.fna	blaOXA-10_1	IncHI1B_1_pNDM-MAR
/home/nav/amr-mini-project/data/genomes/GCF_014840645.1_ASM1484064v1_genomic.fna	blaOXA-10_1	IncL/M(pOXA-48)_1_pOXA-48
/home/nav/amr-mini-project/data/genomes/GCF_014840645.1_ASM1484064v1_genomic.fna	blaOXA-10_1	IncR_1
/home/nav/amr-mini-project/data/genomes/GCF_014840645.1_ASM1484064v1_genomic.fna	blaOXA-1_1	Col(MG828)_1
/home/nav/amr-mini-project/data/genomes/GCF_014840645.1_ASM1484064v1_genomic.fna	blaOXA-1_1	Col(pHAD28)_1
/home/nav/amr-mini-project/data/genomes/GCF_014840645.1_ASM1484064v1_genomic.fna	blaOXA-1_1	Col440I_1
/home/nav/amr-mini-project/data/genomes/GCF_014840645.1_ASM1484064v1_genomic.fna	blaOXA-1_1	ColRNAI_1
/home/nav/amr-mini-project/data/genomes/GCF_014840645.1_ASM1484064v1_genomic.fna	blaOXA-1_1	IncFIA(HI1)_1_HI1
/home/nav/amr-mini-project/data/genomes/GCF_014840645.1_ASM1484064v1_genomic.fna	blaOXA-1_1	IncFIB(K)_1_Kpn3
/home/nav/amr-mini-project/data/genomes/GCF_014840645.1_ASM1484064v1_genomic.fna	blaOXA-1_1	IncFIB(Mar)_1_pNDM-Mar
/home/nav/amr-mini-project/data/genomes/GCF_014840645.1_ASM1484064v1_genomic.fna	blaOXA-1_1	IncFII(pAR0022)_1
/home/nav/amr-mini-project/data/genomes/GCF_014840645.1_ASM1484064v1_genomic.fna	blaOXA-1_1	IncFII_1_pKP91
/home/nav/amr-mini-project/data/genomes/GCF_014840645.1_ASM1484064v1_genomic.fna	blaOXA-1_1	IncHI1B_1_pNDM-MAR
/home/nav/amr-mini-project/data/genomes/GCF_014840645.1_ASM1484064v1_genomic.fna	blaOXA-1_1	IncL/M(pOXA-48)_1_pOXA-48
/home/nav/amr-mini-project/data/genomes/GCF_014840645.1_ASM1484064v1_genomic.fna	blaOXA-1_1	IncR_1
/home/nav/amr-mini-project/data/genomes/GCF_014840645.1_ASM1484064v1_genomic.fna	blaOXA-48_1	Col(MG828)_1
/home/nav/amr-mini-project/data/genomes/GCF_014840645.1_ASM1484064v1_genomic.fna	blaOXA-48_1	Col(pHAD28)_1
/home/nav/amr-mini-project/data/genomes/GCF_014840645.1_ASM1484064v1_genomic.fna	blaOXA-48_1	Col440I_1
/home/nav/amr-mini-project/data/genomes/GCF_014840645.1_ASM1484064v1_genomic.fna	blaOXA-48_1	ColRNAI_1
/home/nav/amr-mini-project/data/genomes/GCF_014840645.1_ASM1484064v1_genomic.fna	blaOXA-48_1	IncFIA(HI1)_1_HI1
/home/nav/amr-mini-project/data/genomes/GCF_014840645.1_ASM1484064v1_genomic.fna	blaOXA-48_1	IncFIB(K)_1_Kpn3
/home/nav/amr-mini-project/data/genomes/GCF_014840645.1_ASM1484064v1_genomic.fna	blaOXA-48_1	IncFIB(Mar)_1_pNDM-Mar
/home/nav/amr-mini-project/data/genomes/GCF_014840645.1_ASM1484064v1_genomic.fna	blaOXA-48_1	IncFII(pAR0022)_1
/home/nav/amr-mini-project/data/genomes/GCF_014840645.1_ASM1484064v1_genomic.fna	blaOXA-48_1	IncFII_1_pKP91
/home/nav/amr-mini-project/data/genomes/GCF_014840645.1_ASM1484064v1_genomic.fna	blaOXA-48_1	IncHI1B_1_pNDM-MAR
/home/nav/amr-mini-project/data/genomes/GCF_014840645.1_ASM1484064v1_genomic.fna	blaOXA-48_1	IncL/M(pOXA-48)_1_pOXA-48
/home/nav/amr-mini-project/data/genomes/GCF_014840645.1_ASM1484064v1_genomic.fna	blaOXA-48_1	IncR_1
/home/nav/amr-mini-project/data/genomes/GCF_014840645.1_ASM1484064v1_genomic.fna	blaSHV-187_1	Col(MG828)_1
/home/nav/amr-mini-project/data/genomes/GCF_014840645.1_ASM1484064v1_genomic.fna	blaSHV-187_1	Col(pHAD28)_1
/home/nav/amr-mini-project/data/genomes/GCF_014840645.1_ASM1484064v1_genomic.fna	blaSHV-187_1	Col440I_1
/home/nav/amr-mini-project/data/genomes/GCF_014840645.1_ASM1484064v1_genomic.fna	blaSHV-187_1	ColRNAI_1
/home/nav/amr-mini-project/data/genomes/GCF_014840645.1_ASM1484064v1_genomic.fna	blaSHV-187_1	IncFIA(HI1)_1_HI1
/home/nav/amr-mini-project/data/genomes/GCF_014840645.1_ASM1484064v1_genomic.fna	blaSHV-187_1	IncFIB(K)_1_Kpn3
/home/nav/amr-mini-project/data/genomes/GCF_014840645.1_ASM1484064v1_genomic.fna	blaSHV-187_1	IncFIB(Mar)_1_pNDM-Mar
/home/nav/amr-mini-project/data/genomes/GCF_014840645.1_ASM1484064v1_genomic.fna	blaSHV-187_1	IncFII(pAR0022)_1
/home/nav/amr-mini-project/data/genomes/GCF_014840645.1_ASM1484064v1_genomic.fna	blaSHV-187_1	IncFII_1_pKP91
/home/nav/amr-mini-project/data/genomes/GCF_014840645.1_ASM1484064v1_genomic.fna	blaSHV-187_1	IncHI1B_1_pNDM-MAR
/home/nav/amr-mini-project/data/genomes/GCF_014840645.1_ASM1484064v1_genomic.fna	blaSHV-187_1	IncL/M(pOXA-48)_1_pOXA-48
/home/nav/amr-mini-project/data/genomes/GCF_014840645.1_ASM1484064v1_genomic.fna	blaSHV-187_1	IncR_1
/home/nav/amr-mini-project/data/genomes/GCF_014840645.1_ASM1484064v1_genomic.fna	blaTEM-1B_1	Col(MG828)_1
/home/nav/amr-mini-project/data/genomes/GCF_014840645.1_ASM1484064v1_genomic.fna	blaTEM-1B_1	Col(pHAD28)_1
/home/nav/amr-mini-project/data/genomes/GCF_014840645.1_ASM1484064v1_genomic.fna	blaTEM-1B_1	Col440I_1
/home/nav/amr-mini-project/data/genomes/GCF_014840645.1_ASM1484064v1_genomic.fna	blaTEM-1B_1	ColRNAI_1
/home/nav/amr-mini-project/data/genomes/GCF_014840645.1_ASM1484064v1_genomic.fna	blaTEM-1B_1	IncFIA(HI1)_1_HI1
/home/nav/amr-mini-project/data/genomes/GCF_014840645.1_ASM1484064v1_genomic.fna	blaTEM-1B_1	IncFIB(K)_1_Kpn3
/home/nav/amr-mini-project/data/genomes/GCF_014840645.1_ASM1484064v1_genomic.fna	blaTEM-1B_1	IncFIB(Mar)_1_pNDM-Mar
/home/nav/amr-mini-project/data/genomes/GCF_014840645.1_ASM1484064v1_genomic.fna	blaTEM-1B_1	IncFII(pAR0022)_1
/home/nav/amr-mini-project/data/genomes/GCF_014840645.1_ASM1484064v1_genomic.fna	blaTEM-1B_1	IncFII_1_pKP91
/home/nav/amr-mini-project/data/genomes/GCF_014840645.1_ASM1484064v1_genomic.fna	blaTEM-1B_1	IncHI1B_1_pNDM-MAR
/home/nav/amr-mini-project/data/genomes/GCF_014840645.1_ASM1484064v1_genomic.fna	blaTEM-1B_1	IncL/M(pOXA-48)_1_pOXA-48
/home/nav/amr-mini-project/data/genomes/GCF_014840645.1_ASM1484064v1_genomic.fna	blaTEM-1B_1	IncR_1
/home/nav/amr-mini-project/data/genomes/GCF_014840645.1_ASM1484064v1_genomic.fna	fosA6_1	Col(MG828)_1
/home/nav/amr-mini-project/data/genomes/GCF_014840645.1_ASM1484064v1_genomic.fna	fosA6_1	Col(pHAD28)_1
/home/nav/amr-mini-project/data/genomes/GCF_014840645.1_ASM1484064v1_genomic.fna	fosA6_1	Col440I_1
/home/nav/amr-mini-project/data/genomes/GCF_014840645.1_ASM1484064v1_genomic.fna	fosA6_1	ColRNAI_1
/home/nav/amr-mini-project/data/genomes/GCF_014840645.1_ASM1484064v1_genomic.fna	fosA6_1	IncFIA(HI1)_1_HI1
/home/nav/amr-mini-project/data/genomes/GCF_014840645.1_ASM1484064v1_genomic.fna	fosA6_1	IncFIB(K)_1_Kpn3
/home/nav/amr-mini-project/data/genomes/GCF_014840645.1_ASM1484064v1_genomic.fna	fosA6_1	IncFIB(Mar)_1_pNDM-Mar
/home/nav/amr-mini-project/data/genomes/GCF_014840645.1_ASM1484064v1_genomic.fna	fosA6_1	IncFII(pAR0022)_1
/home/nav/amr-mini-project/data/genomes/GCF_014840645.1_ASM1484064v1_genomic.fna	fosA6_1	IncFII_1_pKP91
/home/nav/amr-mini-project/data/genomes/GCF_014840645.1_ASM1484064v1_genomic.fna	fosA6_1	IncHI1B_1_pNDM-MAR
/home/nav/amr-mini-project/data/genomes/GCF_014840645.1_ASM1484064v1_genomic.fna	fosA6_1	IncL/M(pOXA-48)_1_pOXA-48
/home/nav/amr-mini-project/data/genomes/GCF_014840645.1_ASM1484064v1_genomic.fna	fosA6_1	IncR_1
/home/nav/amr-mini-project/data/genomes/GCF_014840645.1_ASM1484064v1_genomic.fna	mph(A)_2	Col(MG828)_1
/home/nav/amr-mini-project/data/genomes/GCF_014840645.1_ASM1484064v1_genomic.fna	mph(A)_2	Col(pHAD28)_1
/home/nav/amr-mini-project/data/genomes/GCF_014840645.1_ASM1484064v1_genomic.fna	mph(A)_2	Col440I_1
/home/nav/amr-mini-project/data/genomes/GCF_014840645.1_ASM1484064v1_genomic.fna	mph(A)_2	ColRNAI_1
/home/nav/amr-mini-project/data/genomes/GCF_014840645.1_ASM1484064v1_genomic.fna	mph(A)_2	IncFIA(HI1)_1_HI1
/home/nav/amr-mini-project/data/genomes/GCF_014840645.1_ASM1484064v1_genomic.fna	mph(A)_2	IncFIB(K)_1_Kpn3
/home/nav/amr-mini-project/data/genomes/GCF_014840645.1_ASM1484064v1_genomic.fna	mph(A)_2	IncFIB(Mar)_1_pNDM-Mar
/home/nav/amr-mini-project/data/genomes/GCF_014840645.1_ASM1484064v1_genomic.fna	mph(A)_2	IncFII(pAR0022)_1
/home/nav/amr-mini-project/data/genomes/GCF_014840645.1_ASM1484064v1_genomic.fna	mph(A)_2	IncFII_1_pKP91
/home/nav/amr-mini-project/data/genomes/GCF_014840645.1_ASM1484064v1_genomic.fna	mph(A)_2	IncHI1B_1_pNDM-MAR
/home/nav/amr-mini-project/data/genomes/GCF_014840645.1_ASM1484064v1_genomic.fna	mph(A)_2	IncL/M(pOXA-48)_1_pOXA-48
/home/nav/amr-mini-project/data/genomes/GCF_014840645.1_ASM1484064v1_genomic.fna	mph(A)_2	IncR_1
/home/nav/amr-mini-project/data/genomes/GCF_014840645.1_ASM1484064v1_genomic.fna	mph(E)_1	Col(MG828)_1
/home/nav/amr-mini-project/data/genomes/GCF_014840645.1_ASM1484064v1_genomic.fna	mph(E)_1	Col(pHAD28)_1
/home/nav/amr-mini-project/data/genomes/GCF_014840645.1_ASM1484064v1_genomic.fna	mph(E)_1	Col440I_1
/home/nav/amr-mini-project/data/genomes/GCF_014840645.1_ASM1484064v1_genomic.fna	mph(E)_1	ColRNAI_1
/home/nav/amr-mini-project/data/genomes/GCF_014840645.1_ASM1484064v1_genomic.fna	mph(E)_1	IncFIA(HI1)_1_HI1
/home/nav/amr-mini-project/data/genomes/GCF_014840645.1_ASM1484064v1_genomic.fna	mph(E)_1	IncFIB(K)_1_Kpn3
/home/nav/amr-mini-project/data/genomes/GCF_014840645.1_ASM1484064v1_genomic.fna	mph(E)_1	IncFIB(Mar)_1_pNDM-Mar
/home/nav/amr-mini-project/data/genomes/GCF_014840645.1_ASM1484064v1_genomic.fna	mph(E)_1	IncFII(pAR0022)_1
/home/nav/amr-mini-project/data/genomes/GCF_014840645.1_ASM1484064v1_genomic.fna	mph(E)_1	IncFII_1_pKP91
/home/nav/amr-mini-project/data/genomes/GCF_014840645.1_ASM1484064v1_genomic.fna	mph(E)_1	IncHI1B_1_pNDM-MAR
/home/nav/amr-mini-project/data/genomes/GCF_014840645.1_ASM1484064v1_genomic.fna	mph(E)_1	IncL/M(pOXA-48)_1_pOXA-48
/home/nav/amr-mini-project/data/genomes/GCF_014840645.1_ASM1484064v1_genomic.fna	mph(E)_1	IncR_1
/home/nav/amr-mini-project/data/genomes/GCF_014840645.1_ASM1484064v1_genomic.fna	msr(E)_1	Col(MG828)_1
/home/nav/amr-mini-project/data/genomes/GCF_014840645.1_ASM1484064v1_genomic.fna	msr(E)_1	Col(pHAD28)_1
/home/nav/amr-mini-project/data/genomes/GCF_014840645.1_ASM1484064v1_genomic.fna	msr(E)_1	Col440I_1
/home/nav/amr-mini-project/data/genomes/GCF_014840645.1_ASM1484064v1_genomic.fna	msr(E)_1	ColRNAI_1
/home/nav/amr-mini-project/data/genomes/GCF_014840645.1_ASM1484064v1_genomic.fna	msr(E)_1	IncFIA(HI1)_1_HI1
/home/nav/amr-mini-project/data/genomes/GCF_014840645.1_ASM1484064v1_genomic.fna	msr(E)_1	IncFIB(K)_1_Kpn3
/home/nav/amr-mini-project/data/genomes/GCF_014840645.1_ASM1484064v1_genomic.fna	msr(E)_1	IncFIB(Mar)_1_pNDM-Mar
/home/nav/amr-mini-project/data/genomes/GCF_014840645.1_ASM1484064v1_genomic.fna	msr(E)_1	IncFII(pAR0022)_1
/home/nav/amr-mini-project/data/genomes/GCF_014840645.1_ASM1484064v1_genomic.fna	msr(E)_1	IncFII_1_pKP91
/home/nav/amr-mini-project/data/genomes/GCF_014840645.1_ASM1484064v1_genomic.fna	msr(E)_1	IncHI1B_1_pNDM-MAR
/home/nav/amr-mini-project/data/genomes/GCF_014840645.1_ASM1484064v1_genomic.fna	msr(E)_1	IncL/M(pOXA-48)_1_pOXA-48
/home/nav/amr-mini-project/data/genomes/GCF_014840645.1_ASM1484064v1_genomic.fna	msr(E)_1	IncR_1
/home/nav/amr-mini-project/data/genomes/GCF_014840645.1_ASM1484064v1_genomic.fna	qnrB9_1	Col(MG828)_1
/home/nav/amr-mini-project/data/genomes/GCF_014840645.1_ASM1484064v1_genomic.fna	qnrB9_1	Col(pHAD28)_1
/home/nav/amr-mini-project/data/genomes/GCF_014840645.1_ASM1484064v1_genomic.fna	qnrB9_1	Col440I_1
/home/nav/amr-mini-project/data/genomes/GCF_014840645.1_ASM1484064v1_genomic.fna	qnrB9_1	ColRNAI_1
/home/nav/amr-mini-project/data/genomes/GCF_014840645.1_ASM1484064v1_genomic.fna	qnrB9_1	IncFIA(HI1)_1_HI1
/home/nav/amr-mini-project/data/genomes/GCF_014840645.1_ASM1484064v1_genomic.fna	qnrB9_1	IncFIB(K)_1_Kpn3
/home/nav/amr-mini-project/data/genomes/GCF_014840645.1_ASM1484064v1_genomic.fna	qnrB9_1	IncFIB(Mar)_1_pNDM-Mar
/home/nav/amr-mini-project/data/genomes/GCF_014840645.1_ASM1484064v1_genomic.fna	qnrB9_1	IncFII(pAR0022)_1
/home/nav/amr-mini-project/data/genomes/GCF_014840645.1_ASM1484064v1_genomic.fna	qnrB9_1	IncFII_1_pKP91
/home/nav/amr-mini-project/data/genomes/GCF_014840645.1_ASM1484064v1_genomic.fna	qnrB9_1	IncHI1B_1_pNDM-MAR
/home/nav/amr-mini-project/data/genomes/GCF_014840645.1_ASM1484064v1_genomic.fna	qnrB9_1	IncL/M(pOXA-48)_1_pOXA-48
/home/nav/amr-mini-project/data/genomes/GCF_014840645.1_ASM1484064v1_genomic.fna	qnrB9_1	IncR_1
/home/nav/amr-mini-project/data/genomes/GCF_014840645.1_ASM1484064v1_genomic.fna	sul1_5	Col(MG828)_1
/home/nav/amr-mini-project/data/genomes/GCF_014840645.1_ASM1484064v1_genomic.fna	sul1_5	Col(pHAD28)_1
/home/nav/amr-mini-project/data/genomes/GCF_014840645.1_ASM1484064v1_genomic.fna	sul1_5	Col440I_1
/home/nav/amr-mini-project/data/genomes/GCF_014840645.1_ASM1484064v1_genomic.fna	sul1_5	ColRNAI_1
/home/nav/amr-mini-project/data/genomes/GCF_014840645.1_ASM1484064v1_genomic.fna	sul1_5	IncFIA(HI1)_1_HI1
/home/nav/amr-mini-project/data/genomes/GCF_014840645.1_ASM1484064v1_genomic.fna	sul1_5	IncFIB(K)_1_Kpn3
/home/nav/amr-mini-project/data/genomes/GCF_014840645.1_ASM1484064v1_genomic.fna	sul1_5	IncFIB(Mar)_1_pNDM-Mar
/home/nav/amr-mini-project/data/genomes/GCF_014840645.1_ASM1484064v1_genomic.fna	sul1_5	IncFII(pAR0022)_1
/home/nav/amr-mini-project/data/genomes/GCF_014840645.1_ASM1484064v1_genomic.fna	sul1_5	IncFII_1_pKP91
/home/nav/amr-mini-project/data/genomes/GCF_014840645.1_ASM1484064v1_genomic.fna	sul1_5	IncHI1B_1_pNDM-MAR
/home/nav/amr-mini-project/data/genomes/GCF_014840645.1_ASM1484064v1_genomic.fna	sul1_5	IncL/M(pOXA-48)_1_pOXA-48
/home/nav/amr-mini-project/data/genomes/GCF_014840645.1_ASM1484064v1_genomic.fna	sul1_5	IncR_1
/home/nav/amr-mini-project/data/genomes/GCF_014840645.1_ASM1484064v1_genomic.fna	sul2_2	Col(MG828)_1
/home/nav/amr-mini-project/data/genomes/GCF_014840645.1_ASM1484064v1_genomic.fna	sul2_2	Col(pHAD28)_1
/home/nav/amr-mini-project/data/genomes/GCF_014840645.1_ASM1484064v1_genomic.fna	sul2_2	Col440I_1
/home/nav/amr-mini-project/data/genomes/GCF_014840645.1_ASM1484064v1_genomic.fna	sul2_2	ColRNAI_1
/home/nav/amr-mini-project/data/genomes/GCF_014840645.1_ASM1484064v1_genomic.fna	sul2_2	IncFIA(HI1)_1_HI1
/home/nav/amr-mini-project/data/genomes/GCF_014840645.1_ASM1484064v1_genomic.fna	sul2_2	IncFIB(K)_1_Kpn3
/home/nav/amr-mini-project/data/genomes/GCF_014840645.1_ASM1484064v1_genomic.fna	sul2_2	IncFIB(Mar)_1_pNDM-Mar
/home/nav/amr-mini-project/data/genomes/GCF_014840645.1_ASM1484064v1_genomic.fna	sul2_2	IncFII(pAR0022)_1
/home/nav/amr-mini-project/data/genomes/GCF_014840645.1_ASM1484064v1_genomic.fna	sul2_2	IncFII_1_pKP91
/home/nav/amr-mini-project/data/genomes/GCF_014840645.1_ASM1484064v1_genomic.fna	sul2_2	IncHI1B_1_pNDM-MAR
/home/nav/amr-mini-project/data/genomes/GCF_014840645.1_ASM1484064v1_genomic.fna	sul2_2	IncL/M(pOXA-48)_1_pOXA-48
/home/nav/amr-mini-project/data/genomes/GCF_014840645.1_ASM1484064v1_genomic.fna	sul2_2	IncR_1
/home/nav/amr-mini-project/data/genomes/GCF_014840645.1_ASM1484064v1_genomic.fna	tet(A)_6	Col(MG828)_1
/home/nav/amr-mini-project/data/genomes/GCF_014840645.1_ASM1484064v1_genomic.fna	tet(A)_6	Col(pHAD28)_1
/home/nav/amr-mini-project/data/genomes/GCF_014840645.1_ASM1484064v1_genomic.fna	tet(A)_6	Col440I_1
/home/nav/amr-mini-project/data/genomes/GCF_014840645.1_ASM1484064v1_genomic.fna	tet(A)_6	ColRNAI_1
/home/nav/amr-mini-project/data/genomes/GCF_014840645.1_ASM1484064v1_genomic.fna	tet(A)_6	IncFIA(HI1)_1_HI1
/home/nav/amr-mini-project/data/genomes/GCF_014840645.1_ASM1484064v1_genomic.fna	tet(A)_6	IncFIB(K)_1_Kpn3
/home/nav/amr-mini-project/data/genomes/GCF_014840645.1_ASM1484064v1_genomic.fna	tet(A)_6	IncFIB(Mar)_1_pNDM-Mar
/home/nav/amr-mini-project/data/genomes/GCF_014840645.1_ASM1484064v1_genomic.fna	tet(A)_6	IncFII(pAR0022)_1
/home/nav/amr-mini-project/data/genomes/GCF_014840645.1_ASM1484064v1_genomic.fna	tet(A)_6	IncFII_1_pKP91
/home/nav/amr-mini-project/data/genomes/GCF_014840645.1_ASM1484064v1_genomic.fna	tet(A)_6	IncHI1B_1_pNDM-MAR
/home/nav/amr-mini-project/data/genomes/GCF_014840645.1_ASM1484064v1_genomic.fna	tet(A)_6	IncL/M(pOXA-48)_1_pOXA-48
/home/nav/amr-mini-project/data/genomes/GCF_014840645.1_ASM1484064v1_genomic.fna	tet(A)_6	IncR_1
/home/nav/amr-mini-project/data/genomes/GCF_014946945.1_ASM1494694v1_genomic.fna	OqxA_1	Col(pHAD28)_1
/home/nav/amr-mini-project/data/genomes/GCF_014946945.1_ASM1494694v1_genomic.fna	OqxA_1	ColKP3_1
/home/nav/amr-mini-project/data/genomes/GCF_014946945.1_ASM1494694v1_genomic.fna	OqxA_1	IncFIA(HI1)_1_HI1
/home/nav/amr-mini-project/data/genomes/GCF_014946945.1_ASM1494694v1_genomic.fna	OqxA_1	IncFII_1_pKP91
/home/nav/amr-mini-project/data/genomes/GCF_014946945.1_ASM1494694v1_genomic.fna	OqxA_1	IncHI1B_1_pNDM-MAR
/home/nav/amr-mini-project/data/genomes/GCF_014946945.1_ASM1494694v1_genomic.fna	OqxA_1	repB_KLEB_VIR
/home/nav/amr-mini-project/data/genomes/GCF_014946945.1_ASM1494694v1_genomic.fna	OqxB_1	Col(pHAD28)_1
/home/nav/amr-mini-project/data/genomes/GCF_014946945.1_ASM1494694v1_genomic.fna	OqxB_1	ColKP3_1
/home/nav/amr-mini-project/data/genomes/GCF_014946945.1_ASM1494694v1_genomic.fna	OqxB_1	IncFIA(HI1)_1_HI1
/home/nav/amr-mini-project/data/genomes/GCF_014946945.1_ASM1494694v1_genomic.fna	OqxB_1	IncFII_1_pKP91
/home/nav/amr-mini-project/data/genomes/GCF_014946945.1_ASM1494694v1_genomic.fna	OqxB_1	IncHI1B_1_pNDM-MAR
/home/nav/amr-mini-project/data/genomes/GCF_014946945.1_ASM1494694v1_genomic.fna	OqxB_1	repB_KLEB_VIR
/home/nav/amr-mini-project/data/genomes/GCF_014946945.1_ASM1494694v1_genomic.fna	aph(3'')-Ib_5	Col(pHAD28)_1
/home/nav/amr-mini-project/data/genomes/GCF_014946945.1_ASM1494694v1_genomic.fna	aph(3'')-Ib_5	ColKP3_1
/home/nav/amr-mini-project/data/genomes/GCF_014946945.1_ASM1494694v1_genomic.fna	aph(3'')-Ib_5	IncFIA(HI1)_1_HI1
/home/nav/amr-mini-project/data/genomes/GCF_014946945.1_ASM1494694v1_genomic.fna	aph(3'')-Ib_5	IncFII_1_pKP91
/home/nav/amr-mini-project/data/genomes/GCF_014946945.1_ASM1494694v1_genomic.fna	aph(3'')-Ib_5	IncHI1B_1_pNDM-MAR
/home/nav/amr-mini-project/data/genomes/GCF_014946945.1_ASM1494694v1_genomic.fna	aph(3'')-Ib_5	repB_KLEB_VIR
/home/nav/amr-mini-project/data/genomes/GCF_014946945.1_ASM1494694v1_genomic.fna	aph(6)-Id_1	Col(pHAD28)_1
/home/nav/amr-mini-project/data/genomes/GCF_014946945.1_ASM1494694v1_genomic.fna	aph(6)-Id_1	ColKP3_1
/home/nav/amr-mini-project/data/genomes/GCF_014946945.1_ASM1494694v1_genomic.fna	aph(6)-Id_1	IncFIA(HI1)_1_HI1
/home/nav/amr-mini-project/data/genomes/GCF_014946945.1_ASM1494694v1_genomic.fna	aph(6)-Id_1	IncFII_1_pKP91
/home/nav/amr-mini-project/data/genomes/GCF_014946945.1_ASM1494694v1_genomic.fna	aph(6)-Id_1	IncHI1B_1_pNDM-MAR
/home/nav/amr-mini-project/data/genomes/GCF_014946945.1_ASM1494694v1_genomic.fna	aph(6)-Id_1	repB_KLEB_VIR
/home/nav/amr-mini-project/data/genomes/GCF_014946945.1_ASM1494694v1_genomic.fna	blaCTX-M-15_1	Col(pHAD28)_1
/home/nav/amr-mini-project/data/genomes/GCF_014946945.1_ASM1494694v1_genomic.fna	blaCTX-M-15_1	ColKP3_1
/home/nav/amr-mini-project/data/genomes/GCF_014946945.1_ASM1494694v1_genomic.fna	blaCTX-M-15_1	IncFIA(HI1)_1_HI1
/home/nav/amr-mini-project/data/genomes/GCF_014946945.1_ASM1494694v1_genomic.fna	blaCTX-M-15_1	IncFII_1_pKP91
/home/nav/amr-mini-project/data/genomes/GCF_014946945.1_ASM1494694v1_genomic.fna	blaCTX-M-15_1	IncHI1B_1_pNDM-MAR
/home/nav/amr-mini-project/data/genomes/GCF_014946945.1_ASM1494694v1_genomic.fna	blaCTX-M-15_1	repB_KLEB_VIR
/home/nav/amr-mini-project/data/genomes/GCF_014946945.1_ASM1494694v1_genomic.fna	blaOXA-232_1	Col(pHAD28)_1
/home/nav/amr-mini-project/data/genomes/GCF_014946945.1_ASM1494694v1_genomic.fna	blaOXA-232_1	ColKP3_1
/home/nav/amr-mini-project/data/genomes/GCF_014946945.1_ASM1494694v1_genomic.fna	blaOXA-232_1	IncFIA(HI1)_1_HI1
/home/nav/amr-mini-project/data/genomes/GCF_014946945.1_ASM1494694v1_genomic.fna	blaOXA-232_1	IncFII_1_pKP91
/home/nav/amr-mini-project/data/genomes/GCF_014946945.1_ASM1494694v1_genomic.fna	blaOXA-232_1	IncHI1B_1_pNDM-MAR
/home/nav/amr-mini-project/data/genomes/GCF_014946945.1_ASM1494694v1_genomic.fna	blaOXA-232_1	repB_KLEB_VIR
/home/nav/amr-mini-project/data/genomes/GCF_014946945.1_ASM1494694v1_genomic.fna	blaSHV-187_1	Col(pHAD28)_1
/home/nav/amr-mini-project/data/genomes/GCF_014946945.1_ASM1494694v1_genomic.fna	blaSHV-187_1	ColKP3_1
/home/nav/amr-mini-project/data/genomes/GCF_014946945.1_ASM1494694v1_genomic.fna	blaSHV-187_1	IncFIA(HI1)_1_HI1
/home/nav/amr-mini-project/data/genomes/GCF_014946945.1_ASM1494694v1_genomic.fna	blaSHV-187_1	IncFII_1_pKP91
/home/nav/amr-mini-project/data/genomes/GCF_014946945.1_ASM1494694v1_genomic.fna	blaSHV-187_1	IncHI1B_1_pNDM-MAR
/home/nav/amr-mini-project/data/genomes/GCF_014946945.1_ASM1494694v1_genomic.fna	blaSHV-187_1	repB_KLEB_VIR
/home/nav/amr-mini-project/data/genomes/GCF_014946945.1_ASM1494694v1_genomic.fna	blaTEM-1B_1	Col(pHAD28)_1
/home/nav/amr-mini-project/data/genomes/GCF_014946945.1_ASM1494694v1_genomic.fna	blaTEM-1B_1	ColKP3_1
/home/nav/amr-mini-project/data/genomes/GCF_014946945.1_ASM1494694v1_genomic.fna	blaTEM-1B_1	IncFIA(HI1)_1_HI1
/home/nav/amr-mini-project/data/genomes/GCF_014946945.1_ASM1494694v1_genomic.fna	blaTEM-1B_1	IncFII_1_pKP91
/home/nav/amr-mini-project/data/genomes/GCF_014946945.1_ASM1494694v1_genomic.fna	blaTEM-1B_1	IncHI1B_1_pNDM-MAR
/home/nav/amr-mini-project/data/genomes/GCF_014946945.1_ASM1494694v1_genomic.fna	blaTEM-1B_1	repB_KLEB_VIR
/home/nav/amr-mini-project/data/genomes/GCF_014946945.1_ASM1494694v1_genomic.fna	dfrA14_5	Col(pHAD28)_1
/home/nav/amr-mini-project/data/genomes/GCF_014946945.1_ASM1494694v1_genomic.fna	dfrA14_5	ColKP3_1
/home/nav/amr-mini-project/data/genomes/GCF_014946945.1_ASM1494694v1_genomic.fna	dfrA14_5	IncFIA(HI1)_1_HI1
/home/nav/amr-mini-project/data/genomes/GCF_014946945.1_ASM1494694v1_genomic.fna	dfrA14_5	IncFII_1_pKP91
/home/nav/amr-mini-project/data/genomes/GCF_014946945.1_ASM1494694v1_genomic.fna	dfrA14_5	IncHI1B_1_pNDM-MAR
/home/nav/amr-mini-project/data/genomes/GCF_014946945.1_ASM1494694v1_genomic.fna	dfrA14_5	repB_KLEB_VIR
/home/nav/amr-mini-project/data/genomes/GCF_014946945.1_ASM1494694v1_genomic.fna	fosA6_1	Col(pHAD28)_1
/home/nav/amr-mini-project/data/genomes/GCF_014946945.1_ASM1494694v1_genomic.fna	fosA6_1	ColKP3_1
/home/nav/amr-mini-project/data/genomes/GCF_014946945.1_ASM1494694v1_genomic.fna	fosA6_1	IncFIA(HI1)_1_HI1
/home/nav/amr-mini-project/data/genomes/GCF_014946945.1_ASM1494694v1_genomic.fna	fosA6_1	IncFII_1_pKP91
/home/nav/amr-mini-project/data/genomes/GCF_014946945.1_ASM1494694v1_genomic.fna	fosA6_1	IncHI1B_1_pNDM-MAR
/home/nav/amr-mini-project/data/genomes/GCF_014946945.1_ASM1494694v1_genomic.fna	fosA6_1	repB_KLEB_VIR
/home/nav/amr-mini-project/data/genomes/GCF_014946945.1_ASM1494694v1_genomic.fna	qnrB1_1	Col(pHAD28)_1
/home/nav/amr-mini-project/data/genomes/GCF_014946945.1_ASM1494694v1_genomic.fna	qnrB1_1	ColKP3_1
/home/nav/amr-mini-project/data/genomes/GCF_014946945.1_ASM1494694v1_genomic.fna	qnrB1_1	IncFIA(HI1)_1_HI1
/home/nav/amr-mini-project/data/genomes/GCF_014946945.1_ASM1494694v1_genomic.fna	qnrB1_1	IncFII_1_pKP91
/home/nav/amr-mini-project/data/genomes/GCF_014946945.1_ASM1494694v1_genomic.fna	qnrB1_1	IncHI1B_1_pNDM-MAR
/home/nav/amr-mini-project/data/genomes/GCF_014946945.1_ASM1494694v1_genomic.fna	qnrB1_1	repB_KLEB_VIR
/home/nav/amr-mini-project/data/genomes/GCF_014946945.1_ASM1494694v1_genomic.fna	sul2_2	Col(pHAD28)_1
/home/nav/amr-mini-project/data/genomes/GCF_014946945.1_ASM1494694v1_genomic.fna	sul2_2	ColKP3_1
/home/nav/amr-mini-project/data/genomes/GCF_014946945.1_ASM1494694v1_genomic.fna	sul2_2	IncFIA(HI1)_1_HI1
/home/nav/amr-mini-project/data/genomes/GCF_014946945.1_ASM1494694v1_genomic.fna	sul2_2	IncFII_1_pKP91
/home/nav/amr-mini-project/data/genomes/GCF_014946945.1_ASM1494694v1_genomic.fna	sul2_2	IncHI1B_1_pNDM-MAR
/home/nav/amr-mini-project/data/genomes/GCF_014946945.1_ASM1494694v1_genomic.fna	sul2_2	repB_KLEB_VIR
/home/nav/amr-mini-project/data/genomes/GCF_022869665.1_ASM2286966v1_genomic.fna	OqxA_1	ColRNAI_1
/home/nav/amr-mini-project/data/genomes/GCF_022869665.1_ASM2286966v1_genomic.fna	OqxA_1	IncFIA(HI1)_1_HI1
/home/nav/amr-mini-project/data/genomes/GCF_022869665.1_ASM2286966v1_genomic.fna	OqxA_1	IncFII(pCoo)_1_pCoo
/home/nav/amr-mini-project/data/genomes/GCF_022869665.1_ASM2286966v1_genomic.fna	OqxA_1	pSM22_1
/home/nav/amr-mini-project/data/genomes/GCF_022869665.1_ASM2286966v1_genomic.fna	OqxA_1	repB_KLEB_VIR
/home/nav/amr-mini-project/data/genomes/GCF_022869665.1_ASM2286966v1_genomic.fna	OqxB_1	ColRNAI_1
/home/nav/amr-mini-project/data/genomes/GCF_022869665.1_ASM2286966v1_genomic.fna	OqxB_1	IncFIA(HI1)_1_HI1
/home/nav/amr-mini-project/data/genomes/GCF_022869665.1_ASM2286966v1_genomic.fna	OqxB_1	IncFII(pCoo)_1_pCoo
/home/nav/amr-mini-project/data/genomes/GCF_022869665.1_ASM2286966v1_genomic.fna	OqxB_1	pSM22_1
/home/nav/amr-mini-project/data/genomes/GCF_022869665.1_ASM2286966v1_genomic.fna	OqxB_1	repB_KLEB_VIR
/home/nav/amr-mini-project/data/genomes/GCF_022869665.1_ASM2286966v1_genomic.fna	blaSHV-187_1	ColRNAI_1
/home/nav/amr-mini-project/data/genomes/GCF_022869665.1_ASM2286966v1_genomic.fna	blaSHV-187_1	IncFIA(HI1)_1_HI1
/home/nav/amr-mini-project/data/genomes/GCF_022869665.1_ASM2286966v1_genomic.fna	blaSHV-187_1	IncFII(pCoo)_1_pCoo
/home/nav/amr-mini-project/data/genomes/GCF_022869665.1_ASM2286966v1_genomic.fna	blaSHV-187_1	pSM22_1
/home/nav/amr-mini-project/data/genomes/GCF_022869665.1_ASM2286966v1_genomic.fna	blaSHV-187_1	repB_KLEB_VIR
/home/nav/amr-mini-project/data/genomes/GCF_022869665.1_ASM2286966v1_genomic.fna	fosA_3	ColRNAI_1
/home/nav/amr-mini-project/data/genomes/GCF_022869665.1_ASM2286966v1_genomic.fna	fosA_3	IncFIA(HI1)_1_HI1
/home/nav/amr-mini-project/data/genomes/GCF_022869665.1_ASM2286966v1_genomic.fna	fosA_3	IncFII(pCoo)_1_pCoo
/home/nav/amr-mini-project/data/genomes/GCF_022869665.1_ASM2286966v1_genomic.fna	fosA_3	pSM22_1
/home/nav/amr-mini-project/data/genomes/GCF_022869665.1_ASM2286966v1_genomic.fna	fosA_3	repB_KLEB_VIR
/home/nav/amr-mini-project/data/genomes/GCF_023546055.1_ASM2354605v1_genomic.fna	ARR-3_4	Col(pHAD28)_1
/home/nav/amr-mini-project/data/genomes/GCF_023546055.1_ASM2354605v1_genomic.fna	ARR-3_4	Col440II_1
/home/nav/amr-mini-project/data/genomes/GCF_023546055.1_ASM2354605v1_genomic.fna	ARR-3_4	Col440I_1
/home/nav/amr-mini-project/data/genomes/GCF_023546055.1_ASM2354605v1_genomic.fna	ARR-3_4	ColKP3_1
/home/nav/amr-mini-project/data/genomes/GCF_023546055.1_ASM2354605v1_genomic.fna	ARR-3_4	IncA/C2_1
/home/nav/amr-mini-project/data/genomes/GCF_023546055.1_ASM2354605v1_genomic.fna	ARR-3_4	IncFIA_1
/home/nav/amr-mini-project/data/genomes/GCF_023546055.1_ASM2354605v1_genomic.fna	ARR-3_4	IncFIB(AP001918)_1
/home/nav/amr-mini-project/data/genomes/GCF_023546055.1_ASM2354605v1_genomic.fna	ARR-3_4	IncFIB(pQil)_1_pQil
/home/nav/amr-mini-project/data/genomes/GCF_023546055.1_ASM2354605v1_genomic.fna	ARR-3_4	IncFII(pAR0022)_1
/home/nav/amr-mini-project/data/genomes/GCF_023546055.1_ASM2354605v1_genomic.fna	ARR-3_4	IncFII_1_pKP91
/home/nav/amr-mini-project/data/genomes/GCF_023546055.1_ASM2354605v1_genomic.fna	ARR-3_4	repB(R1701)_1
/home/nav/amr-mini-project/data/genomes/GCF_023546055.1_ASM2354605v1_genomic.fna	CmlA7_1	Col(pHAD28)_1
/home/nav/amr-mini-project/data/genomes/GCF_023546055.1_ASM2354605v1_genomic.fna	CmlA7_1	Col440II_1
/home/nav/amr-mini-project/data/genomes/GCF_023546055.1_ASM2354605v1_genomic.fna	CmlA7_1	Col440I_1
/home/nav/amr-mini-project/data/genomes/GCF_023546055.1_ASM2354605v1_genomic.fna	CmlA7_1	ColKP3_1
/home/nav/amr-mini-project/data/genomes/GCF_023546055.1_ASM2354605v1_genomic.fna	CmlA7_1	IncA/C2_1
/home/nav/amr-mini-project/data/genomes/GCF_023546055.1_ASM2354605v1_genomic.fna	CmlA7_1	IncFIA_1
/home/nav/amr-mini-project/data/genomes/GCF_023546055.1_ASM2354605v1_genomic.fna	CmlA7_1	IncFIB(AP001918)_1
/home/nav/amr-mini-project/data/genomes/GCF_023546055.1_ASM2354605v1_genomic.fna	CmlA7_1	IncFIB(pQil)_1_pQil
/home/nav/amr-mini-project/data/genomes/GCF_023546055.1_ASM2354605v1_genomic.fna	CmlA7_1	IncFII(pAR0022)_1
/home/nav/amr-mini-project/data/genomes/GCF_023546055.1_ASM2354605v1_genomic.fna	CmlA7_1	IncFII_1_pKP91
/home/nav/amr-mini-project/data/genomes/GCF_023546055.1_ASM2354605v1_genomic.fna	CmlA7_1	repB(R1701)_1
/home/nav/amr-mini-project/data/genomes/GCF_023546055.1_ASM2354605v1_genomic.fna	OqxA_1	Col(pHAD28)_1
/home/nav/amr-mini-project/data/genomes/GCF_023546055.1_ASM2354605v1_genomic.fna	OqxA_1	Col440II_1
/home/nav/amr-mini-project/data/genomes/GCF_023546055.1_ASM2354605v1_genomic.fna	OqxA_1	Col440I_1
/home/nav/amr-mini-project/data/genomes/GCF_023546055.1_ASM2354605v1_genomic.fna	OqxA_1	ColKP3_1
/home/nav/amr-mini-project/data/genomes/GCF_023546055.1_ASM2354605v1_genomic.fna	OqxA_1	IncA/C2_1
/home/nav/amr-mini-project/data/genomes/GCF_023546055.1_ASM2354605v1_genomic.fna	OqxA_1	IncFIA_1
/home/nav/amr-mini-project/data/genomes/GCF_023546055.1_ASM2354605v1_genomic.fna	OqxA_1	IncFIB(AP001918)_1
/home/nav/amr-mini-project/data/genomes/GCF_023546055.1_ASM2354605v1_genomic.fna	OqxA_1	IncFIB(pQil)_1_pQil
/home/nav/amr-mini-project/data/genomes/GCF_023546055.1_ASM2354605v1_genomic.fna	OqxA_1	IncFII(pAR0022)_1
/home/nav/amr-mini-project/data/genomes/GCF_023546055.1_ASM2354605v1_genomic.fna	OqxA_1	IncFII_1_pKP91
/home/nav/amr-mini-project/data/genomes/GCF_023546055.1_ASM2354605v1_genomic.fna	OqxA_1	repB(R1701)_1
/home/nav/amr-mini-project/data/genomes/GCF_023546055.1_ASM2354605v1_genomic.fna	OqxB_1	Col(pHAD28)_1
/home/nav/amr-mini-project/data/genomes/GCF_023546055.1_ASM2354605v1_genomic.fna	OqxB_1	Col440II_1
/home/nav/amr-mini-project/data/genomes/GCF_023546055.1_ASM2354605v1_genomic.fna	OqxB_1	Col440I_1
/home/nav/amr-mini-project/data/genomes/GCF_023546055.1_ASM2354605v1_genomic.fna	OqxB_1	ColKP3_1
/home/nav/amr-mini-project/data/genomes/GCF_023546055.1_ASM2354605v1_genomic.fna	OqxB_1	IncA/C2_1
/home/nav/amr-mini-project/data/genomes/GCF_023546055.1_ASM2354605v1_genomic.fna	OqxB_1	IncFIA_1
/home/nav/amr-mini-project/data/genomes/GCF_023546055.1_ASM2354605v1_genomic.fna	OqxB_1	IncFIB(AP001918)_1
/home/nav/amr-mini-project/data/genomes/GCF_023546055.1_ASM2354605v1_genomic.fna	OqxB_1	IncFIB(pQil)_1_pQil
/home/nav/amr-mini-project/data/genomes/GCF_023546055.1_ASM2354605v1_genomic.fna	OqxB_1	IncFII(pAR0022)_1
/home/nav/amr-mini-project/data/genomes/GCF_023546055.1_ASM2354605v1_genomic.fna	OqxB_1	IncFII_1_pKP91
/home/nav/amr-mini-project/data/genomes/GCF_023546055.1_ASM2354605v1_genomic.fna	OqxB_1	repB(R1701)_1
/home/nav/amr-mini-project/data/genomes/GCF_023546055.1_ASM2354605v1_genomic.fna	aac(3)-IIa_6	Col(pHAD28)_1
/home/nav/amr-mini-project/data/genomes/GCF_023546055.1_ASM2354605v1_genomic.fna	aac(3)-IIa_6	Col440II_1
/home/nav/amr-mini-project/data/genomes/GCF_023546055.1_ASM2354605v1_genomic.fna	aac(3)-IIa_6	Col440I_1
/home/nav/amr-mini-project/data/genomes/GCF_023546055.1_ASM2354605v1_genomic.fna	aac(3)-IIa_6	ColKP3_1
/home/nav/amr-mini-project/data/genomes/GCF_023546055.1_ASM2354605v1_genomic.fna	aac(3)-IIa_6	IncA/C2_1
/home/nav/amr-mini-project/data/genomes/GCF_023546055.1_ASM2354605v1_genomic.fna	aac(3)-IIa_6	IncFIA_1
/home/nav/amr-mini-project/data/genomes/GCF_023546055.1_ASM2354605v1_genomic.fna	aac(3)-IIa_6	IncFIB(AP001918)_1
/home/nav/amr-mini-project/data/genomes/GCF_023546055.1_ASM2354605v1_genomic.fna	aac(3)-IIa_6	IncFIB(pQil)_1_pQil
/home/nav/amr-mini-project/data/genomes/GCF_023546055.1_ASM2354605v1_genomic.fna	aac(3)-IIa_6	IncFII(pAR0022)_1
/home/nav/amr-mini-project/data/genomes/GCF_023546055.1_ASM2354605v1_genomic.fna	aac(3)-IIa_6	IncFII_1_pKP91
/home/nav/amr-mini-project/data/genomes/GCF_023546055.1_ASM2354605v1_genomic.fna	aac(3)-IIa_6	repB(R1701)_1
/home/nav/amr-mini-project/data/genomes/GCF_023546055.1_ASM2354605v1_genomic.fna	aac(6')-Ib_1	Col(pHAD28)_1
/home/nav/amr-mini-project/data/genomes/GCF_023546055.1_ASM2354605v1_genomic.fna	aac(6')-Ib_1	Col440II_1
/home/nav/amr-mini-project/data/genomes/GCF_023546055.1_ASM2354605v1_genomic.fna	aac(6')-Ib_1	Col440I_1
/home/nav/amr-mini-project/data/genomes/GCF_023546055.1_ASM2354605v1_genomic.fna	aac(6')-Ib_1	ColKP3_1
/home/nav/amr-mini-project/data/genomes/GCF_023546055.1_ASM2354605v1_genomic.fna	aac(6')-Ib_1	IncA/C2_1
/home/nav/amr-mini-project/data/genomes/GCF_023546055.1_ASM2354605v1_genomic.fna	aac(6')-Ib_1	IncFIA_1
/home/nav/amr-mini-project/data/genomes/GCF_023546055.1_ASM2354605v1_genomic.fna	aac(6')-Ib_1	IncFIB(AP001918)_1
/home/nav/amr-mini-project/data/genomes/GCF_023546055.1_ASM2354605v1_genomic.fna	aac(6')-Ib_1	IncFIB(pQil)_1_pQil
/home/nav/amr-mini-project/data/genomes/GCF_023546055.1_ASM2354605v1_genomic.fna	aac(6')-Ib_1	IncFII(pAR0022)_1
/home/nav/amr-mini-project/data/genomes/GCF_023546055.1_ASM2354605v1_genomic.fna	aac(6')-Ib_1	IncFII_1_pKP91
/home/nav/amr-mini-project/data/genomes/GCF_023546055.1_ASM2354605v1_genomic.fna	aac(6')-Ib_1	repB(R1701)_1
/home/nav/amr-mini-project/data/genomes/GCF_023546055.1_ASM2354605v1_genomic.fna	aadA1_3	Col(pHAD28)_1
/home/nav/amr-mini-project/data/genomes/GCF_023546055.1_ASM2354605v1_genomic.fna	aadA1_3	Col440II_1
/home/nav/amr-mini-project/data/genomes/GCF_023546055.1_ASM2354605v1_genomic.fna	aadA1_3	Col440I_1
/home/nav/amr-mini-project/data/genomes/GCF_023546055.1_ASM2354605v1_genomic.fna	aadA1_3	ColKP3_1
/home/nav/amr-mini-project/data/genomes/GCF_023546055.1_ASM2354605v1_genomic.fna	aadA1_3	IncA/C2_1
/home/nav/amr-mini-project/data/genomes/GCF_023546055.1_ASM2354605v1_genomic.fna	aadA1_3	IncFIA_1
/home/nav/amr-mini-project/data/genomes/GCF_023546055.1_ASM2354605v1_genomic.fna	aadA1_3	IncFIB(AP001918)_1
/home/nav/amr-mini-project/data/genomes/GCF_023546055.1_ASM2354605v1_genomic.fna	aadA1_3	IncFIB(pQil)_1_pQil
/home/nav/amr-mini-project/data/genomes/GCF_023546055.1_ASM2354605v1_genomic.fna	aadA1_3	IncFII(pAR0022)_1
/home/nav/amr-mini-project/data/genomes/GCF_023546055.1_ASM2354605v1_genomic.fna	aadA1_3	IncFII_1_pKP91
/home/nav/amr-mini-project/data/genomes/GCF_023546055.1_ASM2354605v1_genomic.fna	aadA1_3	repB(R1701)_1
/home/nav/amr-mini-project/data/genomes/GCF_023546055.1_ASM2354605v1_genomic.fna	aadA2_1	Col(pHAD28)_1
/home/nav/amr-mini-project/data/genomes/GCF_023546055.1_ASM2354605v1_genomic.fna	aadA2_1	Col440II_1
/home/nav/amr-mini-project/data/genomes/GCF_023546055.1_ASM2354605v1_genomic.fna	aadA2_1	Col440I_1
/home/nav/amr-mini-project/data/genomes/GCF_023546055.1_ASM2354605v1_genomic.fna	aadA2_1	ColKP3_1
/home/nav/amr-mini-project/data/genomes/GCF_023546055.1_ASM2354605v1_genomic.fna	aadA2_1	IncA/C2_1
/home/nav/amr-mini-project/data/genomes/GCF_023546055.1_ASM2354605v1_genomic.fna	aadA2_1	IncFIA_1
/home/nav/amr-mini-project/data/genomes/GCF_023546055.1_ASM2354605v1_genomic.fna	aadA2_1	IncFIB(AP001918)_1
/home/nav/amr-mini-project/data/genomes/GCF_023546055.1_ASM2354605v1_genomic.fna	aadA2_1	IncFIB(pQil)_1_pQil
/home/nav/amr-mini-project/data/genomes/GCF_023546055.1_ASM2354605v1_genomic.fna	aadA2_1	IncFII(pAR0022)_1
/home/nav/amr-mini-project/data/genomes/GCF_023546055.1_ASM2354605v1_genomic.fna	aadA2_1	IncFII_1_pKP91
/home/nav/amr-mini-project/data/genomes/GCF_023546055.1_ASM2354605v1_genomic.fna	aadA2_1	repB(R1701)_1
/home/nav/amr-mini-project/data/genomes/GCF_023546055.1_ASM2354605v1_genomic.fna	ant(2'')-Ia_1	Col(pHAD28)_1
/home/nav/amr-mini-project/data/genomes/GCF_023546055.1_ASM2354605v1_genomic.fna	ant(2'')-Ia_1	Col440II_1
/home/nav/amr-mini-project/data/genomes/GCF_023546055.1_ASM2354605v1_genomic.fna	ant(2'')-Ia_1	Col440I_1
/home/nav/amr-mini-project/data/genomes/GCF_023546055.1_ASM2354605v1_genomic.fna	ant(2'')-Ia_1	ColKP3_1
/home/nav/amr-mini-project/data/genomes/GCF_023546055.1_ASM2354605v1_genomic.fna	ant(2'')-Ia_1	IncA/C2_1
/home/nav/amr-mini-project/data/genomes/GCF_023546055.1_ASM2354605v1_genomic.fna	ant(2'')-Ia_1	IncFIA_1
/home/nav/amr-mini-project/data/genomes/GCF_023546055.1_ASM2354605v1_genomic.fna	ant(2'')-Ia_1	IncFIB(AP001918)_1
/home/nav/amr-mini-project/data/genomes/GCF_023546055.1_ASM2354605v1_genomic.fna	ant(2'')-Ia_1	IncFIB(pQil)_1_pQil
/home/nav/amr-mini-project/data/genomes/GCF_023546055.1_ASM2354605v1_genomic.fna	ant(2'')-Ia_1	IncFII(pAR0022)_1
/home/nav/amr-mini-project/data/genomes/GCF_023546055.1_ASM2354605v1_genomic.fna	ant(2'')-Ia_1	IncFII_1_pKP91
/home/nav/amr-mini-project/data/genomes/GCF_023546055.1_ASM2354605v1_genomic.fna	ant(2'')-Ia_1	repB(R1701)_1
/home/nav/amr-mini-project/data/genomes/GCF_023546055.1_ASM2354605v1_genomic.fna	blaCTX-M-15_1	Col(pHAD28)_1
/home/nav/amr-mini-project/data/genomes/GCF_023546055.1_ASM2354605v1_genomic.fna	blaCTX-M-15_1	Col440II_1
/home/nav/amr-mini-project/data/genomes/GCF_023546055.1_ASM2354605v1_genomic.fna	blaCTX-M-15_1	Col440I_1
/home/nav/amr-mini-project/data/genomes/GCF_023546055.1_ASM2354605v1_genomic.fna	blaCTX-M-15_1	ColKP3_1
/home/nav/amr-mini-project/data/genomes/GCF_023546055.1_ASM2354605v1_genomic.fna	blaCTX-M-15_1	IncA/C2_1
/home/nav/amr-mini-project/data/genomes/GCF_023546055.1_ASM2354605v1_genomic.fna	blaCTX-M-15_1	IncFIA_1
/home/nav/amr-mini-project/data/genomes/GCF_023546055.1_ASM2354605v1_genomic.fna	blaCTX-M-15_1	IncFIB(AP001918)_1
/home/nav/amr-mini-project/data/genomes/GCF_023546055.1_ASM2354605v1_genomic.fna	blaCTX-M-15_1	IncFIB(pQil)_1_pQil
/home/nav/amr-mini-project/data/genomes/GCF_023546055.1_ASM2354605v1_genomic.fna	blaCTX-M-15_1	IncFII(pAR0022)_1
/home/nav/amr-mini-project/data/genomes/GCF_023546055.1_ASM2354605v1_genomic.fna	blaCTX-M-15_1	IncFII_1_pKP91
/home/nav/amr-mini-project/data/genomes/GCF_023546055.1_ASM2354605v1_genomic.fna	blaCTX-M-15_1	repB(R1701)_1
/home/nav/amr-mini-project/data/genomes/GCF_023546055.1_ASM2354605v1_genomic.fna	blaNDM-1_1	Col(pHAD28)_1
/home/nav/amr-mini-project/data/genomes/GCF_023546055.1_ASM2354605v1_genomic.fna	blaNDM-1_1	Col440II_1
/home/nav/amr-mini-project/data/genomes/GCF_023546055.1_ASM2354605v1_genomic.fna	blaNDM-1_1	Col440I_1
/home/nav/amr-mini-project/data/genomes/GCF_023546055.1_ASM2354605v1_genomic.fna	blaNDM-1_1	ColKP3_1
/home/nav/amr-mini-project/data/genomes/GCF_023546055.1_ASM2354605v1_genomic.fna	blaNDM-1_1	IncA/C2_1
/home/nav/amr-mini-project/data/genomes/GCF_023546055.1_ASM2354605v1_genomic.fna	blaNDM-1_1	IncFIA_1
/home/nav/amr-mini-project/data/genomes/GCF_023546055.1_ASM2354605v1_genomic.fna	blaNDM-1_1	IncFIB(AP001918)_1
/home/nav/amr-mini-project/data/genomes/GCF_023546055.1_ASM2354605v1_genomic.fna	blaNDM-1_1	IncFIB(pQil)_1_pQil
/home/nav/amr-mini-project/data/genomes/GCF_023546055.1_ASM2354605v1_genomic.fna	blaNDM-1_1	IncFII(pAR0022)_1
/home/nav/amr-mini-project/data/genomes/GCF_023546055.1_ASM2354605v1_genomic.fna	blaNDM-1_1	IncFII_1_pKP91
/home/nav/amr-mini-project/data/genomes/GCF_023546055.1_ASM2354605v1_genomic.fna	blaNDM-1_1	repB(R1701)_1
/home/nav/amr-mini-project/data/genomes/GCF_023546055.1_ASM2354605v1_genomic.fna	blaOXA-10_1	Col(pHAD28)_1
/home/nav/amr-mini-project/data/genomes/GCF_023546055.1_ASM2354605v1_genomic.fna	blaOXA-10_1	Col440II_1
/home/nav/amr-mini-project/data/genomes/GCF_023546055.1_ASM2354605v1_genomic.fna	blaOXA-10_1	Col440I_1
/home/nav/amr-mini-project/data/genomes/GCF_023546055.1_ASM2354605v1_genomic.fna	blaOXA-10_1	ColKP3_1
/home/nav/amr-mini-project/data/genomes/GCF_023546055.1_ASM2354605v1_genomic.fna	blaOXA-10_1	IncA/C2_1
/home/nav/amr-mini-project/data/genomes/GCF_023546055.1_ASM2354605v1_genomic.fna	blaOXA-10_1	IncFIA_1
/home/nav/amr-mini-project/data/genomes/GCF_023546055.1_ASM2354605v1_genomic.fna	blaOXA-10_1	IncFIB(AP001918)_1
/home/nav/amr-mini-project/data/genomes/GCF_023546055.1_ASM2354605v1_genomic.fna	blaOXA-10_1	IncFIB(pQil)_1_pQil
/home/nav/amr-mini-project/data/genomes/GCF_023546055.1_ASM2354605v1_genomic.fna	blaOXA-10_1	IncFII(pAR0022)_1
/home/nav/amr-mini-project/data/genomes/GCF_023546055.1_ASM2354605v1_genomic.fna	blaOXA-10_1	IncFII_1_pKP91
/home/nav/amr-mini-project/data/genomes/GCF_023546055.1_ASM2354605v1_genomic.fna	blaOXA-10_1	repB(R1701)_1
/home/nav/amr-mini-project/data/genomes/GCF_023546055.1_ASM2354605v1_genomic.fna	blaOXA-232_1	Col(pHAD28)_1
/home/nav/amr-mini-project/data/genomes/GCF_023546055.1_ASM2354605v1_genomic.fna	blaOXA-232_1	Col440II_1
/home/nav/amr-mini-project/data/genomes/GCF_023546055.1_ASM2354605v1_genomic.fna	blaOXA-232_1	Col440I_1
/home/nav/amr-mini-project/data/genomes/GCF_023546055.1_ASM2354605v1_genomic.fna	blaOXA-232_1	ColKP3_1
/home/nav/amr-mini-project/data/genomes/GCF_023546055.1_ASM2354605v1_genomic.fna	blaOXA-232_1	IncA/C2_1
/home/nav/amr-mini-project/data/genomes/GCF_023546055.1_ASM2354605v1_genomic.fna	blaOXA-232_1	IncFIA_1
/home/nav/amr-mini-project/data/genomes/GCF_023546055.1_ASM2354605v1_genomic.fna	blaOXA-232_1	IncFIB(AP001918)_1
/home/nav/amr-mini-project/data/genomes/GCF_023546055.1_ASM2354605v1_genomic.fna	blaOXA-232_1	IncFIB(pQil)_1_pQil
/home/nav/amr-mini-project/data/genomes/GCF_023546055.1_ASM2354605v1_genomic.fna	blaOXA-232_1	IncFII(pAR0022)_1
/home/nav/amr-mini-project/data/genomes/GCF_023546055.1_ASM2354605v1_genomic.fna	blaOXA-232_1	IncFII_1_pKP91
/home/nav/amr-mini-project/data/genomes/GCF_023546055.1_ASM2354605v1_genomic.fna	blaOXA-232_1	repB(R1701)_1
/home/nav/amr-mini-project/data/genomes/GCF_023546055.1_ASM2354605v1_genomic.fna	blaOXA-9_1	Col(pHAD28)_1
/home/nav/amr-mini-project/data/genomes/GCF_023546055.1_ASM2354605v1_genomic.fna	blaOXA-9_1	Col440II_1
/home/nav/amr-mini-project/data/genomes/GCF_023546055.1_ASM2354605v1_genomic.fna	blaOXA-9_1	Col440I_1
/home/nav/amr-mini-project/data/genomes/GCF_023546055.1_ASM2354605v1_genomic.fna	blaOXA-9_1	ColKP3_1
/home/nav/amr-mini-project/data/genomes/GCF_023546055.1_ASM2354605v1_genomic.fna	blaOXA-9_1	IncA/C2_1
/home/nav/amr-mini-project/data/genomes/GCF_023546055.1_ASM2354605v1_genomic.fna	blaOXA-9_1	IncFIA_1
/home/nav/amr-mini-project/data/genomes/GCF_023546055.1_ASM2354605v1_genomic.fna	blaOXA-9_1	IncFIB(AP001918)_1
/home/nav/amr-mini-project/data/genomes/GCF_023546055.1_ASM2354605v1_genomic.fna	blaOXA-9_1	IncFIB(pQil)_1_pQil
/home/nav/amr-mini-project/data/genomes/GCF_023546055.1_ASM2354605v1_genomic.fna	blaOXA-9_1	IncFII(pAR0022)_1
/home/nav/amr-mini-project/data/genomes/GCF_023546055.1_ASM2354605v1_genomic.fna	blaOXA-9_1	IncFII_1_pKP91
/home/nav/amr-mini-project/data/genomes/GCF_023546055.1_ASM2354605v1_genomic.fna	blaOXA-9_1	repB(R1701)_1
/home/nav/amr-mini-project/data/genomes/GCF_023546055.1_ASM2354605v1_genomic.fna	blaSHV-145_1	Col(pHAD28)_1
/home/nav/amr-mini-project/data/genomes/GCF_023546055.1_ASM2354605v1_genomic.fna	blaSHV-145_1	Col440II_1
/home/nav/amr-mini-project/data/genomes/GCF_023546055.1_ASM2354605v1_genomic.fna	blaSHV-145_1	Col440I_1
/home/nav/amr-mini-project/data/genomes/GCF_023546055.1_ASM2354605v1_genomic.fna	blaSHV-145_1	ColKP3_1
/home/nav/amr-mini-project/data/genomes/GCF_023546055.1_ASM2354605v1_genomic.fna	blaSHV-145_1	IncA/C2_1
/home/nav/amr-mini-project/data/genomes/GCF_023546055.1_ASM2354605v1_genomic.fna	blaSHV-145_1	IncFIA_1
/home/nav/amr-mini-project/data/genomes/GCF_023546055.1_ASM2354605v1_genomic.fna	blaSHV-145_1	IncFIB(AP001918)_1
/home/nav/amr-mini-project/data/genomes/GCF_023546055.1_ASM2354605v1_genomic.fna	blaSHV-145_1	IncFIB(pQil)_1_pQil
/home/nav/amr-mini-project/data/genomes/GCF_023546055.1_ASM2354605v1_genomic.fna	blaSHV-145_1	IncFII(pAR0022)_1
/home/nav/amr-mini-project/data/genomes/GCF_023546055.1_ASM2354605v1_genomic.fna	blaSHV-145_1	IncFII_1_pKP91
/home/nav/amr-mini-project/data/genomes/GCF_023546055.1_ASM2354605v1_genomic.fna	blaSHV-145_1	repB(R1701)_1
/home/nav/amr-mini-project/data/genomes/GCF_023546055.1_ASM2354605v1_genomic.fna	blaTEM-1A_1	Col(pHAD28)_1
/home/nav/amr-mini-project/data/genomes/GCF_023546055.1_ASM2354605v1_genomic.fna	blaTEM-1A_1	Col440II_1
/home/nav/amr-mini-project/data/genomes/GCF_023546055.1_ASM2354605v1_genomic.fna	blaTEM-1A_1	Col440I_1
/home/nav/amr-mini-project/data/genomes/GCF_023546055.1_ASM2354605v1_genomic.fna	blaTEM-1A_1	ColKP3_1
/home/nav/amr-mini-project/data/genomes/GCF_023546055.1_ASM2354605v1_genomic.fna	blaTEM-1A_1	IncA/C2_1
/home/nav/amr-mini-project/data/genomes/GCF_023546055.1_ASM2354605v1_genomic.fna	blaTEM-1A_1	IncFIA_1
/home/nav/amr-mini-project/data/genomes/GCF_023546055.1_ASM2354605v1_genomic.fna	blaTEM-1A_1	IncFIB(AP001918)_1
/home/nav/amr-mini-project/data/genomes/GCF_023546055.1_ASM2354605v1_genomic.fna	blaTEM-1A_1	IncFIB(pQil)_1_pQil
/home/nav/amr-mini-project/data/genomes/GCF_023546055.1_ASM2354605v1_genomic.fna	blaTEM-1A_1	IncFII(pAR0022)_1
/home/nav/amr-mini-project/data/genomes/GCF_023546055.1_ASM2354605v1_genomic.fna	blaTEM-1A_1	IncFII_1_pKP91
/home/nav/amr-mini-project/data/genomes/GCF_023546055.1_ASM2354605v1_genomic.fna	blaTEM-1A_1	repB(R1701)_1
/home/nav/amr-mini-project/data/genomes/GCF_023546055.1_ASM2354605v1_genomic.fna	blaVEB-1_3	Col(pHAD28)_1
/home/nav/amr-mini-project/data/genomes/GCF_023546055.1_ASM2354605v1_genomic.fna	blaVEB-1_3	Col440II_1
/home/nav/amr-mini-project/data/genomes/GCF_023546055.1_ASM2354605v1_genomic.fna	blaVEB-1_3	Col440I_1
/home/nav/amr-mini-project/data/genomes/GCF_023546055.1_ASM2354605v1_genomic.fna	blaVEB-1_3	ColKP3_1
/home/nav/amr-mini-project/data/genomes/GCF_023546055.1_ASM2354605v1_genomic.fna	blaVEB-1_3	IncA/C2_1
/home/nav/amr-mini-project/data/genomes/GCF_023546055.1_ASM2354605v1_genomic.fna	blaVEB-1_3	IncFIA_1
/home/nav/amr-mini-project/data/genomes/GCF_023546055.1_ASM2354605v1_genomic.fna	blaVEB-1_3	IncFIB(AP001918)_1
/home/nav/amr-mini-project/data/genomes/GCF_023546055.1_ASM2354605v1_genomic.fna	blaVEB-1_3	IncFIB(pQil)_1_pQil
/home/nav/amr-mini-project/data/genomes/GCF_023546055.1_ASM2354605v1_genomic.fna	blaVEB-1_3	IncFII(pAR0022)_1
/home/nav/amr-mini-project/data/genomes/GCF_023546055.1_ASM2354605v1_genomic.fna	blaVEB-1_3	IncFII_1_pKP91
/home/nav/amr-mini-project/data/genomes/GCF_023546055.1_ASM2354605v1_genomic.fna	blaVEB-1_3	repB(R1701)_1
/home/nav/amr-mini-project/data/genomes/GCF_023546055.1_ASM2354605v1_genomic.fna	dfrA10_1	Col(pHAD28)_1
/home/nav/amr-mini-project/data/genomes/GCF_023546055.1_ASM2354605v1_genomic.fna	dfrA10_1	Col440II_1
/home/nav/amr-mini-project/data/genomes/GCF_023546055.1_ASM2354605v1_genomic.fna	dfrA10_1	Col440I_1
/home/nav/amr-mini-project/data/genomes/GCF_023546055.1_ASM2354605v1_genomic.fna	dfrA10_1	ColKP3_1
/home/nav/amr-mini-project/data/genomes/GCF_023546055.1_ASM2354605v1_genomic.fna	dfrA10_1	IncA/C2_1
/home/nav/amr-mini-project/data/genomes/GCF_023546055.1_ASM2354605v1_genomic.fna	dfrA10_1	IncFIA_1
/home/nav/amr-mini-project/data/genomes/GCF_023546055.1_ASM2354605v1_genomic.fna	dfrA10_1	IncFIB(AP001918)_1
/home/nav/amr-mini-project/data/genomes/GCF_023546055.1_ASM2354605v1_genomic.fna	dfrA10_1	IncFIB(pQil)_1_pQil
/home/nav/amr-mini-project/data/genomes/GCF_023546055.1_ASM2354605v1_genomic.fna	dfrA10_1	IncFII(pAR0022)_1
/home/nav/amr-mini-project/data/genomes/GCF_023546055.1_ASM2354605v1_genomic.fna	dfrA10_1	IncFII_1_pKP91
/home/nav/amr-mini-project/data/genomes/GCF_023546055.1_ASM2354605v1_genomic.fna	dfrA10_1	repB(R1701)_1
/home/nav/amr-mini-project/data/genomes/GCF_023546055.1_ASM2354605v1_genomic.fna	dfrA12_8	Col(pHAD28)_1
/home/nav/amr-mini-project/data/genomes/GCF_023546055.1_ASM2354605v1_genomic.fna	dfrA12_8	Col440II_1
/home/nav/amr-mini-project/data/genomes/GCF_023546055.1_ASM2354605v1_genomic.fna	dfrA12_8	Col440I_1
/home/nav/amr-mini-project/data/genomes/GCF_023546055.1_ASM2354605v1_genomic.fna	dfrA12_8	ColKP3_1
/home/nav/amr-mini-project/data/genomes/GCF_023546055.1_ASM2354605v1_genomic.fna	dfrA12_8	IncA/C2_1
/home/nav/amr-mini-project/data/genomes/GCF_023546055.1_ASM2354605v1_genomic.fna	dfrA12_8	IncFIA_1
/home/nav/amr-mini-project/data/genomes/GCF_023546055.1_ASM2354605v1_genomic.fna	dfrA12_8	IncFIB(AP001918)_1
/home/nav/amr-mini-project/data/genomes/GCF_023546055.1_ASM2354605v1_genomic.fna	dfrA12_8	IncFIB(pQil)_1_pQil
/home/nav/amr-mini-project/data/genomes/GCF_023546055.1_ASM2354605v1_genomic.fna	dfrA12_8	IncFII(pAR0022)_1
/home/nav/amr-mini-project/data/genomes/GCF_023546055.1_ASM2354605v1_genomic.fna	dfrA12_8	IncFII_1_pKP91
/home/nav/amr-mini-project/data/genomes/GCF_023546055.1_ASM2354605v1_genomic.fna	dfrA12_8	repB(R1701)_1
/home/nav/amr-mini-project/data/genomes/GCF_023546055.1_ASM2354605v1_genomic.fna	erm(42)_2	Col(pHAD28)_1
/home/nav/amr-mini-project/data/genomes/GCF_023546055.1_ASM2354605v1_genomic.fna	erm(42)_2	Col440II_1
/home/nav/amr-mini-project/data/genomes/GCF_023546055.1_ASM2354605v1_genomic.fna	erm(42)_2	Col440I_1
/home/nav/amr-mini-project/data/genomes/GCF_023546055.1_ASM2354605v1_genomic.fna	erm(42)_2	ColKP3_1
/home/nav/amr-mini-project/data/genomes/GCF_023546055.1_ASM2354605v1_genomic.fna	erm(42)_2	IncA/C2_1
/home/nav/amr-mini-project/data/genomes/GCF_023546055.1_ASM2354605v1_genomic.fna	erm(42)_2	IncFIA_1
/home/nav/amr-mini-project/data/genomes/GCF_023546055.1_ASM2354605v1_genomic.fna	erm(42)_2	IncFIB(AP001918)_1
/home/nav/amr-mini-project/data/genomes/GCF_023546055.1_ASM2354605v1_genomic.fna	erm(42)_2	IncFIB(pQil)_1_pQil
/home/nav/amr-mini-project/data/genomes/GCF_023546055.1_ASM2354605v1_genomic.fna	erm(42)_2	IncFII(pAR0022)_1
/home/nav/amr-mini-project/data/genomes/GCF_023546055.1_ASM2354605v1_genomic.fna	erm(42)_2	IncFII_1_pKP91
/home/nav/amr-mini-project/data/genomes/GCF_023546055.1_ASM2354605v1_genomic.fna	erm(42)_2	repB(R1701)_1
/home/nav/amr-mini-project/data/genomes/GCF_023546055.1_ASM2354605v1_genomic.fna	fosA5_1	Col(pHAD28)_1
/home/nav/amr-mini-project/data/genomes/GCF_023546055.1_ASM2354605v1_genomic.fna	fosA5_1	Col440II_1
/home/nav/amr-mini-project/data/genomes/GCF_023546055.1_ASM2354605v1_genomic.fna	fosA5_1	Col440I_1
/home/nav/amr-mini-project/data/genomes/GCF_023546055.1_ASM2354605v1_genomic.fna	fosA5_1	ColKP3_1
/home/nav/amr-mini-project/data/genomes/GCF_023546055.1_ASM2354605v1_genomic.fna	fosA5_1	IncA/C2_1
/home/nav/amr-mini-project/data/genomes/GCF_023546055.1_ASM2354605v1_genomic.fna	fosA5_1	IncFIA_1
/home/nav/amr-mini-project/data/genomes/GCF_023546055.1_ASM2354605v1_genomic.fna	fosA5_1	IncFIB(AP001918)_1
/home/nav/amr-mini-project/data/genomes/GCF_023546055.1_ASM2354605v1_genomic.fna	fosA5_1	IncFIB(pQil)_1_pQil
/home/nav/amr-mini-project/data/genomes/GCF_023546055.1_ASM2354605v1_genomic.fna	fosA5_1	IncFII(pAR0022)_1
/home/nav/amr-mini-project/data/genomes/GCF_023546055.1_ASM2354605v1_genomic.fna	fosA5_1	IncFII_1_pKP91
/home/nav/amr-mini-project/data/genomes/GCF_023546055.1_ASM2354605v1_genomic.fna	fosA5_1	repB(R1701)_1
/home/nav/amr-mini-project/data/genomes/GCF_023546055.1_ASM2354605v1_genomic.fna	sul1_5	Col(pHAD28)_1
/home/nav/amr-mini-project/data/genomes/GCF_023546055.1_ASM2354605v1_genomic.fna	sul1_5	Col440II_1
/home/nav/amr-mini-project/data/genomes/GCF_023546055.1_ASM2354605v1_genomic.fna	sul1_5	Col440I_1
/home/nav/amr-mini-project/data/genomes/GCF_023546055.1_ASM2354605v1_genomic.fna	sul1_5	ColKP3_1
/home/nav/amr-mini-project/data/genomes/GCF_023546055.1_ASM2354605v1_genomic.fna	sul1_5	IncA/C2_1
/home/nav/amr-mini-project/data/genomes/GCF_023546055.1_ASM2354605v1_genomic.fna	sul1_5	IncFIA_1
/home/nav/amr-mini-project/data/genomes/GCF_023546055.1_ASM2354605v1_genomic.fna	sul1_5	IncFIB(AP001918)_1
/home/nav/amr-mini-project/data/genomes/GCF_023546055.1_ASM2354605v1_genomic.fna	sul1_5	IncFIB(pQil)_1_pQil
/home/nav/amr-mini-project/data/genomes/GCF_023546055.1_ASM2354605v1_genomic.fna	sul1_5	IncFII(pAR0022)_1
/home/nav/amr-mini-project/data/genomes/GCF_023546055.1_ASM2354605v1_genomic.fna	sul1_5	IncFII_1_pKP91
/home/nav/amr-mini-project/data/genomes/GCF_023546055.1_ASM2354605v1_genomic.fna	sul1_5	repB(R1701)_1
/home/nav/amr-mini-project/data/genomes/GCF_023546055.1_ASM2354605v1_genomic.fna	sul2_2	Col(pHAD28)_1
/home/nav/amr-mini-project/data/genomes/GCF_023546055.1_ASM2354605v1_genomic.fna	sul2_2	Col440II_1
/home/nav/amr-mini-project/data/genomes/GCF_023546055.1_ASM2354605v1_genomic.fna	sul2_2	Col440I_1
/home/nav/amr-mini-project/data/genomes/GCF_023546055.1_ASM2354605v1_genomic.fna	sul2_2	ColKP3_1
/home/nav/amr-mini-project/data/genomes/GCF_023546055.1_ASM2354605v1_genomic.fna	sul2_2	IncA/C2_1
/home/nav/amr-mini-project/data/genomes/GCF_023546055.1_ASM2354605v1_genomic.fna	sul2_2	IncFIA_1
/home/nav/amr-mini-project/data/genomes/GCF_023546055.1_ASM2354605v1_genomic.fna	sul2_2	IncFIB(AP001918)_1
/home/nav/amr-mini-project/data/genomes/GCF_023546055.1_ASM2354605v1_genomic.fna	sul2_2	IncFIB(pQil)_1_pQil
/home/nav/amr-mini-project/data/genomes/GCF_023546055.1_ASM2354605v1_genomic.fna	sul2_2	IncFII(pAR0022)_1
/home/nav/amr-mini-project/data/genomes/GCF_023546055.1_ASM2354605v1_genomic.fna	sul2_2	IncFII_1_pKP91
/home/nav/amr-mini-project/data/genomes/GCF_023546055.1_ASM2354605v1_genomic.fna	sul2_2	repB(R1701)_1
/home/nav/amr-mini-project/data/genomes/GCF_023546055.1_ASM2354605v1_genomic.fna	tet(B)_2	Col(pHAD28)_1
/home/nav/amr-mini-project/data/genomes/GCF_023546055.1_ASM2354605v1_genomic.fna	tet(B)_2	Col440II_1
/home/nav/amr-mini-project/data/genomes/GCF_023546055.1_ASM2354605v1_genomic.fna	tet(B)_2	Col440I_1
/home/nav/amr-mini-project/data/genomes/GCF_023546055.1_ASM2354605v1_genomic.fna	tet(B)_2	ColKP3_1
/home/nav/amr-mini-project/data/genomes/GCF_023546055.1_ASM2354605v1_genomic.fna	tet(B)_2	IncA/C2_1
/home/nav/amr-mini-project/data/genomes/GCF_023546055.1_ASM2354605v1_genomic.fna	tet(B)_2	IncFIA_1
/home/nav/amr-mini-project/data/genomes/GCF_023546055.1_ASM2354605v1_genomic.fna	tet(B)_2	IncFIB(AP001918)_1
/home/nav/amr-mini-project/data/genomes/GCF_023546055.1_ASM2354605v1_genomic.fna	tet(B)_2	IncFIB(pQil)_1_pQil
/home/nav/amr-mini-project/data/genomes/GCF_023546055.1_ASM2354605v1_genomic.fna	tet(B)_2	IncFII(pAR0022)_1
/home/nav/amr-mini-project/data/genomes/GCF_023546055.1_ASM2354605v1_genomic.fna	tet(B)_2	IncFII_1_pKP91
/home/nav/amr-mini-project/data/genomes/GCF_023546055.1_ASM2354605v1_genomic.fna	tet(B)_2	repB(R1701)_1
